index,continent,country,Var,gdpPercap,lifeExp
0,Africa,Algeria,1952,2449.008185,43.077
0,Africa,Algeria,1957,3013.976023,45.685
0,Africa,Algeria,1962,2550.81688,48.303000000000004
0,Africa,Algeria,1967,3246.991771,51.407
0,Africa,Algeria,1972,4182.663766,54.518
0,Africa,Algeria,1977,4910.416756000001,58.013999999999996
0,Africa,Algeria,1982,5745.160213,61.368
0,Africa,Algeria,1987,5681.358539,65.79899999999999
0,Africa,Algeria,1992,5023.216647,67.744
0,Africa,Algeria,1997,4797.295051,69.152
0,Africa,Algeria,2002,5288.040382,70.994
0,Africa,Algeria,2007,6223.367465,72.301
1,Africa,Angola,1952,3520.610273,30.015
1,Africa,Angola,1957,3827.9404649999997,31.999000000000002
1,Africa,Angola,1962,4269.276742,34.0
1,Africa,Angola,1967,5522.776375,35.985
1,Africa,Angola,1972,5473.2880049999985,37.928000000000004
1,Africa,Angola,1977,3008.647355,39.483000000000004
1,Africa,Angola,1982,2756.953672,39.942
1,Africa,Angola,1987,2430.208311,39.906
1,Africa,Angola,1992,2627.8456850000002,40.647
1,Africa,Angola,1997,2277.140884,40.963
1,Africa,Angola,2002,2773.287312,41.003
1,Africa,Angola,2007,4797.231267,42.731
2,Africa,Benin,1952,1062.7522,38.223
2,Africa,Benin,1957,959.6010805,40.358000000000004
2,Africa,Benin,1962,949.4990641,42.618
2,Africa,Benin,1967,1035.831411,44.885
2,Africa,Benin,1972,1085.796879,47.013999999999996
2,Africa,Benin,1977,1029.161251,49.19
2,Africa,Benin,1982,1277.897616,50.903999999999996
2,Africa,Benin,1987,1225.85601,52.336999999999996
2,Africa,Benin,1992,1191.207681,53.919
2,Africa,Benin,1997,1232.975292,54.777
2,Africa,Benin,2002,1372.877931,54.40600000000001
2,Africa,Benin,2007,1441.284873,56.728
3,Africa,Botswana,1952,851.2411407,47.622
3,Africa,Botswana,1957,918.2325348999999,49.618
3,Africa,Botswana,1962,983.6539764,51.52
3,Africa,Botswana,1967,1214.709294,53.298
3,Africa,Botswana,1972,2263.6111140000007,56.023999999999994
3,Africa,Botswana,1977,3214.857818,59.318999999999996
3,Africa,Botswana,1982,4551.14215,61.483999999999995
3,Africa,Botswana,1987,6205.88385,63.622
3,Africa,Botswana,1992,7954.111645,62.745
3,Africa,Botswana,1997,8647.142313,52.556000000000004
3,Africa,Botswana,2002,11003.60508,46.63399999999999
3,Africa,Botswana,2007,12569.851770000001,50.728
4,Africa,Burkina Faso,1952,543.2552413,31.975
4,Africa,Burkina Faso,1957,617.1834647999998,34.906
4,Africa,Burkina Faso,1962,722.5120206,37.814
4,Africa,Burkina Faso,1967,794.8265597,40.696999999999996
4,Africa,Burkina Faso,1972,854.7359763000003,43.591
4,Africa,Burkina Faso,1977,743.3870368,46.137
4,Africa,Burkina Faso,1982,807.1985855,48.122
4,Africa,Burkina Faso,1987,912.0631417000001,49.556999999999995
4,Africa,Burkina Faso,1992,931.7527731,50.26
4,Africa,Burkina Faso,1997,946.2949617999999,50.324
4,Africa,Burkina Faso,2002,1037.645221,50.65
4,Africa,Burkina Faso,2007,1217.032994,52.295
5,Africa,Burundi,1952,339.29645869999996,39.031
5,Africa,Burundi,1957,379.56462810000016,40.533
5,Africa,Burundi,1962,355.2032273,42.045
5,Africa,Burundi,1967,412.97751360000007,43.548
5,Africa,Burundi,1972,464.0995039,44.056999999999995
5,Africa,Burundi,1977,556.1032651,45.91
5,Africa,Burundi,1982,559.6032309999998,47.471000000000004
5,Africa,Burundi,1987,621.8188188999999,48.21100000000001
5,Africa,Burundi,1992,631.6998778,44.736000000000004
5,Africa,Burundi,1997,463.1151478,45.326
5,Africa,Burundi,2002,446.4035126,47.36
5,Africa,Burundi,2007,430.07069160000003,49.58
6,Africa,Cameroon,1952,1172.667655,38.523
6,Africa,Cameroon,1957,1313.048099,40.428000000000004
6,Africa,Cameroon,1962,1399.607441,42.643
6,Africa,Cameroon,1967,1508.453148,44.799
6,Africa,Cameroon,1972,1684.1465280000002,47.049
6,Africa,Cameroon,1977,1783.432873,49.355
6,Africa,Cameroon,1982,2367.983282,52.96100000000001
6,Africa,Cameroon,1987,2602.664206,54.985
6,Africa,Cameroon,1992,1793.1632780000002,54.31399999999999
6,Africa,Cameroon,1997,1694.337469,52.199
6,Africa,Cameroon,2002,1934.0114489999999,49.856
6,Africa,Cameroon,2007,2042.0952399999999,50.43
7,Africa,Central African Republic,1952,1071.310713,35.463
7,Africa,Central African Republic,1957,1190.844328,37.464
7,Africa,Central African Republic,1962,1193.068753,39.475
7,Africa,Central African Republic,1967,1136.056615,41.478
7,Africa,Central African Republic,1972,1070.013275,43.457
7,Africa,Central African Republic,1977,1109.374338,46.775
7,Africa,Central African Republic,1982,956.7529906999999,48.295
7,Africa,Central African Republic,1987,844.8763504000003,50.485
7,Africa,Central African Republic,1992,747.9055252,49.396
7,Africa,Central African Republic,1997,740.5063317,46.066
7,Africa,Central African Republic,2002,738.6906068,43.308
7,Africa,Central African Republic,2007,706.016537,44.74100000000001
8,Africa,Chad,1952,1178.665927,38.092
8,Africa,Chad,1957,1308.495577,39.881
8,Africa,Chad,1962,1389.817618,41.716
8,Africa,Chad,1967,1196.810565,43.601000000000006
8,Africa,Chad,1972,1104.103987,45.568999999999996
8,Africa,Chad,1977,1133.98495,47.383
8,Africa,Chad,1982,797.9081006,49.516999999999996
8,Africa,Chad,1987,952.3861289999999,51.051
8,Africa,Chad,1992,1058.0643,51.724
8,Africa,Chad,1997,1004.9613529999999,51.573
8,Africa,Chad,2002,1156.18186,50.525
8,Africa,Chad,2007,1704.0637239999999,50.651
9,Africa,Comoros,1952,1102.990936,40.715
9,Africa,Comoros,1957,1211.1485480000001,42.46
9,Africa,Comoros,1962,1406.648278,44.467
9,Africa,Comoros,1967,1876.029643,46.472
9,Africa,Comoros,1972,1937.577675,48.943999999999996
9,Africa,Comoros,1977,1172.603047,50.93899999999999
9,Africa,Comoros,1982,1267.100083,52.933
9,Africa,Comoros,1987,1315.980812,54.926
9,Africa,Comoros,1992,1246.90737,57.93899999999999
9,Africa,Comoros,1997,1173.618235,60.66
9,Africa,Comoros,2002,1075.811558,62.974
9,Africa,Comoros,2007,986.1478792000001,65.152
10,Africa,Congo Dem. Rep.,1952,780.5423257,39.143
10,Africa,Congo Dem. Rep.,1957,905.8602302999999,40.652
10,Africa,Congo Dem. Rep.,1962,896.3146335000001,42.122
10,Africa,Congo Dem. Rep.,1967,861.5932424,44.056000000000004
10,Africa,Congo Dem. Rep.,1972,904.8960685000001,45.989
10,Africa,Congo Dem. Rep.,1977,795.757282,47.803999999999995
10,Africa,Congo Dem. Rep.,1982,673.7478181,47.784
10,Africa,Congo Dem. Rep.,1987,672.774812,47.412
10,Africa,Congo Dem. Rep.,1992,457.7191807,45.548
10,Africa,Congo Dem. Rep.,1997,312.188423,42.586999999999996
10,Africa,Congo Dem. Rep.,2002,241.16587650000002,44.966
10,Africa,Congo Dem. Rep.,2007,277.55185869999997,46.461999999999996
11,Africa,Congo Rep.,1952,2125.621418,42.111000000000004
11,Africa,Congo Rep.,1957,2315.056572,45.053000000000004
11,Africa,Congo Rep.,1962,2464.783157,48.435
11,Africa,Congo Rep.,1967,2677.9396420000007,52.04
11,Africa,Congo Rep.,1972,3213.152683,54.907
11,Africa,Congo Rep.,1977,3259.178978,55.625
11,Africa,Congo Rep.,1982,4879.507522,56.695
11,Africa,Congo Rep.,1987,4201.194936999998,57.47
11,Africa,Congo Rep.,1992,4016.239529,56.433
11,Africa,Congo Rep.,1997,3484.1643759999997,52.961999999999996
11,Africa,Congo Rep.,2002,3484.06197,52.97
11,Africa,Congo Rep.,2007,3632.557798,55.321999999999996
12,Africa,Cote d'Ivoire,1952,1388.594732,40.477
12,Africa,Cote d'Ivoire,1957,1500.895925,42.468999999999994
12,Africa,Cote d'Ivoire,1962,1728.8694280000002,44.93
12,Africa,Cote d'Ivoire,1967,2052.0504730000002,47.35
12,Africa,Cote d'Ivoire,1972,2378.201111,49.801
12,Africa,Cote d'Ivoire,1977,2517.736547,52.373999999999995
12,Africa,Cote d'Ivoire,1982,2602.710169,53.983000000000004
12,Africa,Cote d'Ivoire,1987,2156.9560690000008,54.655
12,Africa,Cote d'Ivoire,1992,1648.073791,52.044
12,Africa,Cote d'Ivoire,1997,1786.265407,47.99100000000001
12,Africa,Cote d'Ivoire,2002,1648.800823,46.832
12,Africa,Cote d'Ivoire,2007,1544.750112,48.328
13,Africa,Djibouti,1952,2669.529475,34.812
13,Africa,Djibouti,1957,2864.969076000001,37.328
13,Africa,Djibouti,1962,3020.989263,39.69300000000001
13,Africa,Djibouti,1967,3020.0505129999997,42.074
13,Africa,Djibouti,1972,3694.2123520000014,44.36600000000001
13,Africa,Djibouti,1977,3081.7610219999997,46.519
13,Africa,Djibouti,1982,2879.4680670000002,48.812
13,Africa,Djibouti,1987,2880.102568,50.04
13,Africa,Djibouti,1992,2377.156192000001,51.604
13,Africa,Djibouti,1997,1895.016984,53.157
13,Africa,Djibouti,2002,1908.2608670000002,53.37300000000001
13,Africa,Djibouti,2007,2082.4815670000007,54.791000000000004
14,Africa,Egypt,1952,1418.822445,41.893
14,Africa,Egypt,1957,1458.915272,44.443999999999996
14,Africa,Egypt,1962,1693.335853,46.992
14,Africa,Egypt,1967,1814.880728,49.293
14,Africa,Egypt,1972,2024.0081469999998,51.137
14,Africa,Egypt,1977,2785.493582,53.318999999999996
14,Africa,Egypt,1982,3503.729636,56.006
14,Africa,Egypt,1987,3885.4607100000003,59.797
14,Africa,Egypt,1992,3794.755195,63.674
14,Africa,Egypt,1997,4173.181797,67.217
14,Africa,Egypt,2002,4754.604414,69.806
14,Africa,Egypt,2007,5581.180998,71.33800000000002
15,Africa,Equatorial Guinea,1952,375.6431231,34.482
15,Africa,Equatorial Guinea,1957,426.0964081,35.98300000000001
15,Africa,Equatorial Guinea,1962,582.8419713999998,37.485
15,Africa,Equatorial Guinea,1967,915.5960025,38.986999999999995
15,Africa,Equatorial Guinea,1972,672.4122571,40.516
15,Africa,Equatorial Guinea,1977,958.5668124,42.023999999999994
15,Africa,Equatorial Guinea,1982,927.8253427000001,43.662
15,Africa,Equatorial Guinea,1987,966.8968149,45.663999999999994
15,Africa,Equatorial Guinea,1992,1132.055034,47.545
15,Africa,Equatorial Guinea,1997,2814.480755,48.245
15,Africa,Equatorial Guinea,2002,7703.4959,49.348
15,Africa,Equatorial Guinea,2007,12154.08975,51.57899999999999
16,Africa,Eritrea,1952,328.9405571000001,35.92800000000001
16,Africa,Eritrea,1957,344.16188589999996,38.047
16,Africa,Eritrea,1962,380.99584330000016,40.158
16,Africa,Eritrea,1967,468.7949699,42.18899999999999
16,Africa,Eritrea,1972,514.3242081999998,44.141999999999996
16,Africa,Eritrea,1977,505.7538077,44.535
16,Africa,Eritrea,1982,524.8758493,43.89
16,Africa,Eritrea,1987,521.1341333,46.453
16,Africa,Eritrea,1992,582.8585102000002,49.99100000000001
16,Africa,Eritrea,1997,913.4707900000001,53.378
16,Africa,Eritrea,2002,765.3500015,55.24
16,Africa,Eritrea,2007,641.3695236000002,58.04
17,Africa,Ethiopia,1952,362.1462796,34.078
17,Africa,Ethiopia,1957,378.90416319999997,36.667
17,Africa,Ethiopia,1962,419.4564161,40.059
17,Africa,Ethiopia,1967,516.1186438,42.115
17,Africa,Ethiopia,1972,566.2439442000001,43.515
17,Africa,Ethiopia,1977,556.8083834,44.51
17,Africa,Ethiopia,1982,577.8607471,44.916000000000004
17,Africa,Ethiopia,1987,573.7413142000001,46.684
17,Africa,Ethiopia,1992,421.3534653,48.091
17,Africa,Ethiopia,1997,515.8894013,49.402
17,Africa,Ethiopia,2002,530.0535319,50.725
17,Africa,Ethiopia,2007,690.8055759,52.946999999999996
18,Africa,Gabon,1952,4293.476475,37.003
18,Africa,Gabon,1957,4976.198099,38.999
18,Africa,Gabon,1962,6631.4592219999995,40.489000000000004
18,Africa,Gabon,1967,8358.761987,44.598
18,Africa,Gabon,1972,11401.948409999999,48.69
18,Africa,Gabon,1977,21745.57328,52.79
18,Africa,Gabon,1982,15113.36194,56.56399999999999
18,Africa,Gabon,1987,11864.408440000001,60.19
18,Africa,Gabon,1992,13522.157519999999,61.36600000000001
18,Africa,Gabon,1997,14722.841880000002,60.46100000000001
18,Africa,Gabon,2002,12521.71392,56.761
18,Africa,Gabon,2007,13206.48452,56.735
19,Africa,Gambia,1952,485.2306591,30.0
19,Africa,Gambia,1957,520.9267111,32.065
19,Africa,Gambia,1962,599.650276,33.896
19,Africa,Gambia,1967,734.7829124,35.857
19,Africa,Gambia,1972,756.0868363,38.308
19,Africa,Gambia,1977,884.7552507000001,41.842
19,Africa,Gambia,1982,835.8096107999999,45.58
19,Africa,Gambia,1987,611.6588611000002,49.265
19,Africa,Gambia,1992,665.6244126,52.644
19,Africa,Gambia,1997,653.7301704,55.861000000000004
19,Africa,Gambia,2002,660.5855997,58.041000000000004
19,Africa,Gambia,2007,752.7497265,59.448
20,Africa,Ghana,1952,911.2989371,43.148999999999994
20,Africa,Ghana,1957,1043.5615369999996,44.778999999999996
20,Africa,Ghana,1962,1190.0411179999999,46.452
20,Africa,Ghana,1967,1125.69716,48.071999999999996
20,Africa,Ghana,1972,1178.223708,49.875
20,Africa,Ghana,1977,993.2239571,51.756
20,Africa,Ghana,1982,876.032569,53.744
20,Africa,Ghana,1987,847.0061135,55.729
20,Africa,Ghana,1992,925.0601539999999,57.50100000000001
20,Africa,Ghana,1997,1005.2458119999999,58.556000000000004
20,Africa,Ghana,2002,1111.9845779999996,58.453
20,Africa,Ghana,2007,1327.60891,60.022
21,Africa,Guinea,1952,510.19649230000016,33.609
21,Africa,Guinea,1957,576.2670245,34.558
21,Africa,Guinea,1962,686.3736739,35.753
21,Africa,Guinea,1967,708.7595409,37.196999999999996
21,Africa,Guinea,1972,741.6662307,38.842
21,Africa,Guinea,1977,874.6858642999997,40.762
21,Africa,Guinea,1982,857.2503577,42.89100000000001
21,Africa,Guinea,1987,805.5724717999999,45.552
21,Africa,Guinea,1992,794.3484384,48.576
21,Africa,Guinea,1997,869.4497667999997,51.455
21,Africa,Guinea,2002,945.5835837000001,53.676
21,Africa,Guinea,2007,942.6542111,56.007
22,Africa,Guinea-Bissau,1952,299.850319,32.5
22,Africa,Guinea-Bissau,1957,431.79045660000014,33.489000000000004
22,Africa,Guinea-Bissau,1962,522.0343725,34.488
22,Africa,Guinea-Bissau,1967,715.5806402000003,35.492
22,Africa,Guinea-Bissau,1972,820.2245876000003,36.486
22,Africa,Guinea-Bissau,1977,764.7259627999997,37.465
22,Africa,Guinea-Bissau,1982,838.1239671,39.327
22,Africa,Guinea-Bissau,1987,736.4153921,41.245
22,Africa,Guinea-Bissau,1992,745.5398706,43.26600000000001
22,Africa,Guinea-Bissau,1997,796.6644681,44.87300000000001
22,Africa,Guinea-Bissau,2002,575.7047176,45.504
22,Africa,Guinea-Bissau,2007,579.2317429999998,46.38800000000001
23,Africa,Kenya,1952,853.5409189999997,42.27
23,Africa,Kenya,1957,944.4383152,44.68600000000001
23,Africa,Kenya,1962,896.9663732,47.949
23,Africa,Kenya,1967,1056.736457,50.653999999999996
23,Africa,Kenya,1972,1222.359968,53.559
23,Africa,Kenya,1977,1267.613204,56.155
23,Africa,Kenya,1982,1348.225791,58.76600000000001
23,Africa,Kenya,1987,1361.936856,59.339
23,Africa,Kenya,1992,1341.9217210000004,59.285
23,Africa,Kenya,1997,1360.4850210000004,54.407
23,Africa,Kenya,2002,1287.514732,50.992
23,Africa,Kenya,2007,1463.249282,54.11
24,Africa,Lesotho,1952,298.8462121,42.13800000000001
24,Africa,Lesotho,1957,335.9971151000001,45.047
24,Africa,Lesotho,1962,411.80062660000004,47.747
24,Africa,Lesotho,1967,498.63902649999994,48.492
24,Africa,Lesotho,1972,496.58159220000016,49.766999999999996
24,Africa,Lesotho,1977,745.3695408,52.208
24,Africa,Lesotho,1982,797.2631074,55.078
24,Africa,Lesotho,1987,773.9932140999997,57.18
24,Africa,Lesotho,1992,977.4862724999999,59.685
24,Africa,Lesotho,1997,1186.147994,55.558
24,Africa,Lesotho,2002,1275.184575,44.593
24,Africa,Lesotho,2007,1569.331442,42.592
25,Africa,Liberia,1952,575.5729961000002,38.48
25,Africa,Liberia,1957,620.9699901,39.486
25,Africa,Liberia,1962,634.1951625,40.501999999999995
25,Africa,Liberia,1967,713.6036482999997,41.536
25,Africa,Liberia,1972,803.0054535,42.614
25,Africa,Liberia,1977,640.3224382999998,43.763999999999996
25,Africa,Liberia,1982,572.1995694,44.852
25,Africa,Liberia,1987,506.1138573,46.027
25,Africa,Liberia,1992,636.6229191000001,40.802
25,Africa,Liberia,1997,609.1739508,42.221000000000004
25,Africa,Liberia,2002,531.4823679,43.753
25,Africa,Liberia,2007,414.5073415,45.678000000000004
26,Africa,Libya,1952,2387.54806,42.723
26,Africa,Libya,1957,3448.284395,45.288999999999994
26,Africa,Libya,1962,6757.0308159999995,47.808
26,Africa,Libya,1967,18772.75169,50.227
26,Africa,Libya,1972,21011.497209999998,52.773
26,Africa,Libya,1977,21951.21176,57.442
26,Africa,Libya,1982,17364.275380000006,62.155
26,Africa,Libya,1987,11770.5898,66.234
26,Africa,Libya,1992,9640.138501000001,68.755
26,Africa,Libya,1997,9467.446056,71.555
26,Africa,Libya,2002,9534.677467,72.737
26,Africa,Libya,2007,12057.49928,73.952
27,Africa,Madagascar,1952,1443.011715,36.681
27,Africa,Madagascar,1957,1589.20275,38.865
27,Africa,Madagascar,1962,1643.38711,40.848
27,Africa,Madagascar,1967,1634.047282,42.881
27,Africa,Madagascar,1972,1748.562982,44.851000000000006
27,Africa,Madagascar,1977,1544.228586,46.881
27,Africa,Madagascar,1982,1302.878658,48.968999999999994
27,Africa,Madagascar,1987,1155.4419480000001,49.35
27,Africa,Madagascar,1992,1040.6761900000001,52.214
27,Africa,Madagascar,1997,986.2958956,54.978
27,Africa,Madagascar,2002,894.6370822,57.286
27,Africa,Madagascar,2007,1044.770126,59.44300000000001
28,Africa,Malawi,1952,369.1650802,36.256
28,Africa,Malawi,1957,416.36980639999996,37.207
28,Africa,Malawi,1962,427.90108560000004,38.41
28,Africa,Malawi,1967,495.5147806,39.486999999999995
28,Africa,Malawi,1972,584.6219709,41.76600000000001
28,Africa,Malawi,1977,663.2236766,43.766999999999996
28,Africa,Malawi,1982,632.8039209,45.641999999999996
28,Africa,Malawi,1987,635.5173633999998,47.457
28,Africa,Malawi,1992,563.2000145,49.42
28,Africa,Malawi,1997,692.2758102999999,47.495
28,Africa,Malawi,2002,665.4231186000002,45.00899999999999
28,Africa,Malawi,2007,759.3499101,48.303000000000004
29,Africa,Mali,1952,452.3369807,33.685
29,Africa,Mali,1957,490.3821867,35.30699999999999
29,Africa,Mali,1962,496.17434280000003,36.936
29,Africa,Mali,1967,545.0098873,38.486999999999995
29,Africa,Mali,1972,581.3688761,39.977
29,Africa,Mali,1977,686.3952693,41.714
29,Africa,Mali,1982,618.0140640999998,43.916000000000004
29,Africa,Mali,1987,684.1715576,46.364
29,Africa,Mali,1992,739.014375,48.38800000000001
29,Africa,Mali,1997,790.2579846,49.903
29,Africa,Mali,2002,951.4097517999999,51.81800000000001
29,Africa,Mali,2007,1042.581557,54.467
30,Africa,Mauritania,1952,743.1159097,40.543
30,Africa,Mauritania,1957,846.1202613,42.338
30,Africa,Mauritania,1962,1055.8960359999999,44.24800000000001
30,Africa,Mauritania,1967,1421.145193,46.288999999999994
30,Africa,Mauritania,1972,1586.851781,48.437
30,Africa,Mauritania,1977,1497.492223,50.852
30,Africa,Mauritania,1982,1481.150189,53.599
30,Africa,Mauritania,1987,1421.603576,56.145
30,Africa,Mauritania,1992,1361.369784,58.333
30,Africa,Mauritania,1997,1483.1361359999999,60.43
30,Africa,Mauritania,2002,1579.0195429999999,62.247
30,Africa,Mauritania,2007,1803.1514960000002,64.164
31,Africa,Mauritius,1952,1967.955707,50.986000000000004
31,Africa,Mauritius,1957,2034.037981,58.089
31,Africa,Mauritius,1962,2529.0674870000007,60.246
31,Africa,Mauritius,1967,2475.387562,61.556999999999995
31,Africa,Mauritius,1972,2575.4841579999998,62.943999999999996
31,Africa,Mauritius,1977,3710.9829630000004,64.93
31,Africa,Mauritius,1982,3688.037739,66.711
31,Africa,Mauritius,1987,4783.586903,68.74
31,Africa,Mauritius,1992,6058.253846000001,69.745
31,Africa,Mauritius,1997,7425.7052950000025,70.736
31,Africa,Mauritius,2002,9021.815894,71.954
31,Africa,Mauritius,2007,10956.99112,72.801
32,Africa,Morocco,1952,1688.20357,42.87300000000001
32,Africa,Morocco,1957,1642.002314,45.423
32,Africa,Morocco,1962,1566.353493,47.924
32,Africa,Morocco,1967,1711.04477,50.335
32,Africa,Morocco,1972,1930.194975,52.861999999999995
32,Africa,Morocco,1977,2370.619976,55.73
32,Africa,Morocco,1982,2702.620356,59.65
32,Africa,Morocco,1987,2755.046991,62.677
32,Africa,Morocco,1992,2948.047252,65.393
32,Africa,Morocco,1997,2982.101858,67.66
32,Africa,Morocco,2002,3258.495584,69.615
32,Africa,Morocco,2007,3820.17523,71.164
33,Africa,Mozambique,1952,468.5260381,31.285999999999998
33,Africa,Mozambique,1957,495.58683330000014,33.779
33,Africa,Mozambique,1962,556.6863539,36.161
33,Africa,Mozambique,1967,566.6691539,38.113
33,Africa,Mozambique,1972,724.9178037,40.328
33,Africa,Mozambique,1977,502.31973339999996,42.495
33,Africa,Mozambique,1982,462.2114149,42.795
33,Africa,Mozambique,1987,389.87618460000004,42.861000000000004
33,Africa,Mozambique,1992,410.89682389999996,44.284
33,Africa,Mozambique,1997,472.34607710000006,46.343999999999994
33,Africa,Mozambique,2002,633.6179466,44.026
33,Africa,Mozambique,2007,823.6856205,42.082
34,Africa,Namibia,1952,2423.780443,41.725
34,Africa,Namibia,1957,2621.448058,45.226000000000006
34,Africa,Namibia,1962,3173.215595,48.386
34,Africa,Namibia,1967,3793.694753,51.159
34,Africa,Namibia,1972,3746.080948,53.867
34,Africa,Namibia,1977,3876.4859579999998,56.437
34,Africa,Namibia,1982,4191.100511,58.968
34,Africa,Namibia,1987,3693.7313369999997,60.835
34,Africa,Namibia,1992,3804.537999,61.998999999999995
34,Africa,Namibia,1997,3899.52426,58.909
34,Africa,Namibia,2002,4072.3247509999997,51.479
34,Africa,Namibia,2007,4811.060429,52.90600000000001
35,Africa,Niger,1952,761.879376,37.444
35,Africa,Niger,1957,835.5234025000003,38.598
35,Africa,Niger,1962,997.7661127,39.486999999999995
35,Africa,Niger,1967,1054.384891,40.118
35,Africa,Niger,1972,954.2092363,40.546
35,Africa,Niger,1977,808.8970727999997,41.291000000000004
35,Africa,Niger,1982,909.7221354000001,42.598
35,Africa,Niger,1987,668.3000228,44.555
35,Africa,Niger,1992,581.182725,47.39100000000001
35,Africa,Niger,1997,580.3052092,51.313
35,Africa,Niger,2002,601.0745012,54.496
35,Africa,Niger,2007,619.6768923999998,56.867
36,Africa,Nigeria,1952,1077.281856,36.324
36,Africa,Nigeria,1957,1100.5925630000004,37.802
36,Africa,Nigeria,1962,1150.9274779999996,39.36
36,Africa,Nigeria,1967,1014.5141039999999,41.04
36,Africa,Nigeria,1972,1698.3888379999999,42.82100000000001
36,Africa,Nigeria,1977,1981.9518059999998,44.513999999999996
36,Africa,Nigeria,1982,1576.97375,45.826
36,Africa,Nigeria,1987,1385.029563,46.886
36,Africa,Nigeria,1992,1619.848217,47.472
36,Africa,Nigeria,1997,1624.941275,47.464
36,Africa,Nigeria,2002,1615.2863949999999,46.608000000000004
36,Africa,Nigeria,2007,2013.9773050000001,46.858999999999995
37,Africa,Reunion,1952,2718.885295,52.724
37,Africa,Reunion,1957,2769.451844,55.09
37,Africa,Reunion,1962,3173.72334,57.666000000000004
37,Africa,Reunion,1967,4021.1757390000002,60.542
37,Africa,Reunion,1972,5047.658563,64.274
37,Africa,Reunion,1977,4319.804067,67.064
37,Africa,Reunion,1982,5267.219353,69.885
37,Africa,Reunion,1987,5303.377488,71.913
37,Africa,Reunion,1992,6101.2558229999995,73.615
37,Africa,Reunion,1997,6071.941411,74.77199999999998
37,Africa,Reunion,2002,6316.1652,75.744
37,Africa,Reunion,2007,7670.122558,76.442
38,Africa,Rwanda,1952,493.32387520000003,40.0
38,Africa,Rwanda,1957,540.2893982999999,41.5
38,Africa,Rwanda,1962,597.4730727000001,43.0
38,Africa,Rwanda,1967,510.9637142,44.1
38,Africa,Rwanda,1972,590.5806637999998,44.6
38,Africa,Rwanda,1977,670.0806011,45.0
38,Africa,Rwanda,1982,881.5706467,46.218
38,Africa,Rwanda,1987,847.991217,44.02
38,Africa,Rwanda,1992,737.0685949,23.599
38,Africa,Rwanda,1997,589.9445051,36.086999999999996
38,Africa,Rwanda,2002,785.6537647999999,43.413000000000004
38,Africa,Rwanda,2007,863.0884639000003,46.242
39,Africa,Sao Tome and Principe,1952,879.5835855,46.471000000000004
39,Africa,Sao Tome and Principe,1957,860.7369026,48.945
39,Africa,Sao Tome and Principe,1962,1071.551119,51.893
39,Africa,Sao Tome and Principe,1967,1384.840593,54.425
39,Africa,Sao Tome and Principe,1972,1532.985254,56.48
39,Africa,Sao Tome and Principe,1977,1737.561657,58.55
39,Africa,Sao Tome and Principe,1982,1890.2181170000001,60.351000000000006
39,Africa,Sao Tome and Principe,1987,1516.525457,61.728
39,Africa,Sao Tome and Principe,1992,1428.777814,62.742
39,Africa,Sao Tome and Principe,1997,1339.076036,63.306000000000004
39,Africa,Sao Tome and Principe,2002,1353.09239,64.337
39,Africa,Sao Tome and Principe,2007,1598.435089,65.528
40,Africa,Senegal,1952,1450.356983,37.278
40,Africa,Senegal,1957,1567.653006,39.329
40,Africa,Senegal,1962,1654.988723,41.45399999999999
40,Africa,Senegal,1967,1612.404632,43.563
40,Africa,Senegal,1972,1597.712056,45.815
40,Africa,Senegal,1977,1561.769116,48.879
40,Africa,Senegal,1982,1518.479984,52.379
40,Africa,Senegal,1987,1441.72072,55.769
40,Africa,Senegal,1992,1367.899369,58.19600000000001
40,Africa,Senegal,1997,1392.368347,60.187
40,Africa,Senegal,2002,1519.635262,61.6
40,Africa,Senegal,2007,1712.4721359999999,63.062
41,Africa,Sierra Leone,1952,879.7877358,30.331
41,Africa,Sierra Leone,1957,1004.484437,31.57
41,Africa,Sierra Leone,1962,1116.6398769999996,32.766999999999996
41,Africa,Sierra Leone,1967,1206.043465,34.113
41,Africa,Sierra Leone,1972,1353.759762,35.4
41,Africa,Sierra Leone,1977,1348.285159,36.788000000000004
41,Africa,Sierra Leone,1982,1465.010784,38.445
41,Africa,Sierra Leone,1987,1294.4477880000004,40.006
41,Africa,Sierra Leone,1992,1068.696278,38.333
41,Africa,Sierra Leone,1997,574.6481576,39.897
41,Africa,Sierra Leone,2002,699.4897129999997,41.012
41,Africa,Sierra Leone,2007,862.5407561000003,42.56800000000001
42,Africa,Somalia,1952,1135.749842,32.978
42,Africa,Somalia,1957,1258.1474130000001,34.977
42,Africa,Somalia,1962,1369.488336,36.981
42,Africa,Somalia,1967,1284.7331800000004,38.977
42,Africa,Somalia,1972,1254.576127,40.973
42,Africa,Somalia,1977,1450.9925130000001,41.974
42,Africa,Somalia,1982,1176.807031,42.955
42,Africa,Somalia,1987,1093.244963,44.50100000000001
42,Africa,Somalia,1992,926.9602964,39.658
42,Africa,Somalia,1997,930.5964284,43.795
42,Africa,Somalia,2002,882.0818218000003,45.93600000000001
42,Africa,Somalia,2007,926.1410683,48.159
43,Africa,South Africa,1952,4725.295531000002,45.00899999999999
43,Africa,South Africa,1957,5487.104219,47.985
43,Africa,South Africa,1962,5768.729717,49.951
43,Africa,South Africa,1967,7114.4779709999975,51.927
43,Africa,South Africa,1972,7765.962636,53.69600000000001
43,Africa,South Africa,1977,8028.651439,55.527
43,Africa,South Africa,1982,8568.266228,58.161
43,Africa,South Africa,1987,7825.823398,60.833999999999996
43,Africa,South Africa,1992,7225.069257999998,61.88800000000001
43,Africa,South Africa,1997,7479.188244,60.236000000000004
43,Africa,South Africa,2002,7710.946444,53.365
43,Africa,South Africa,2007,9269.657808,49.339
44,Africa,Sudan,1952,1615.991129,38.635
44,Africa,Sudan,1957,1770.3370739999998,39.624
44,Africa,Sudan,1962,1959.593767,40.87
44,Africa,Sudan,1967,1687.997641,42.858000000000004
44,Africa,Sudan,1972,1659.652775,45.083
44,Africa,Sudan,1977,2202.9884230000002,47.8
44,Africa,Sudan,1982,1895.544073,50.338
44,Africa,Sudan,1987,1507.819159,51.744
44,Africa,Sudan,1992,1492.197043,53.556000000000004
44,Africa,Sudan,1997,1632.2107640000006,55.37300000000001
44,Africa,Sudan,2002,1993.398314,56.369
44,Africa,Sudan,2007,2602.394995,58.556000000000004
45,Africa,Swaziland,1952,1148.376626,41.407
45,Africa,Swaziland,1957,1244.708364,43.424
45,Africa,Swaziland,1962,1856.182125,44.992
45,Africa,Swaziland,1967,2613.1016649999997,46.633
45,Africa,Swaziland,1972,3364.836625,49.552
45,Africa,Swaziland,1977,3781.410618,52.537
45,Africa,Swaziland,1982,3895.384018,55.56100000000001
45,Africa,Swaziland,1987,3984.8398119999997,57.678000000000004
45,Africa,Swaziland,1992,3553.0224,58.474
45,Africa,Swaziland,1997,3876.7684600000002,54.288999999999994
45,Africa,Swaziland,2002,4128.116943,43.869
45,Africa,Swaziland,2007,4513.480643,39.613
46,Africa,Tanzania,1952,716.6500721,41.215
46,Africa,Tanzania,1957,698.5356073,42.974
46,Africa,Tanzania,1962,722.0038073,44.246
46,Africa,Tanzania,1967,848.2186575,45.757
46,Africa,Tanzania,1972,915.9850592,47.62
46,Africa,Tanzania,1977,962.4922932,49.919
46,Africa,Tanzania,1982,874.2426069,50.608000000000004
46,Africa,Tanzania,1987,831.8220794,51.535
46,Africa,Tanzania,1992,825.682454,50.44
46,Africa,Tanzania,1997,789.1862231,48.466
46,Africa,Tanzania,2002,899.0742111,49.651
46,Africa,Tanzania,2007,1107.482182,52.516999999999996
47,Africa,Togo,1952,859.8086567,38.596
47,Africa,Togo,1957,925.9083201999999,41.208
47,Africa,Togo,1962,1067.5348099999999,43.922
47,Africa,Togo,1967,1477.59676,46.769
47,Africa,Togo,1972,1649.660188,49.75899999999999
47,Africa,Togo,1977,1532.776998,52.887
47,Africa,Togo,1982,1344.577953,55.471000000000004
47,Africa,Togo,1987,1202.201361,56.941
47,Africa,Togo,1992,1034.298904,58.06100000000001
47,Africa,Togo,1997,982.2869242999999,58.39
47,Africa,Togo,2002,886.2205765000001,57.56100000000001
47,Africa,Togo,2007,882.9699437999999,58.42
48,Africa,Tunisia,1952,1468.475631,44.6
48,Africa,Tunisia,1957,1395.232468,47.1
48,Africa,Tunisia,1962,1660.30321,49.57899999999999
48,Africa,Tunisia,1967,1932.3601670000005,52.053000000000004
48,Africa,Tunisia,1972,2753.285994000001,55.602
48,Africa,Tunisia,1977,3120.876811,59.836999999999996
48,Africa,Tunisia,1982,3560.2331740000004,64.048
48,Africa,Tunisia,1987,3810.419296,66.89399999999999
48,Africa,Tunisia,1992,4332.720164,70.001
48,Africa,Tunisia,1997,4876.798614,71.973
48,Africa,Tunisia,2002,5722.8956549999975,73.042
48,Africa,Tunisia,2007,7092.923025,73.923
49,Africa,Uganda,1952,734.753484,39.978
49,Africa,Uganda,1957,774.3710692000003,42.57100000000001
49,Africa,Uganda,1962,767.2717397999999,45.343999999999994
49,Africa,Uganda,1967,908.9185217,48.051
49,Africa,Uganda,1972,950.735869,51.01600000000001
49,Africa,Uganda,1977,843.7331372000001,50.35
49,Africa,Uganda,1982,682.2662267999998,49.849
49,Africa,Uganda,1987,617.7244065,51.50899999999999
49,Africa,Uganda,1992,644.1707968999998,48.825
49,Africa,Uganda,1997,816.559081,44.578
49,Africa,Uganda,2002,927.7210018,47.813
49,Africa,Uganda,2007,1056.3801210000001,51.542
50,Africa,Zambia,1952,1147.388831,42.038000000000004
50,Africa,Zambia,1957,1311.956766,44.077
50,Africa,Zambia,1962,1452.725766,46.023
50,Africa,Zambia,1967,1777.0773179999999,47.768
50,Africa,Zambia,1972,1773.498265,50.107
50,Africa,Zambia,1977,1588.688299,51.386
50,Africa,Zambia,1982,1408.678565,51.82100000000001
50,Africa,Zambia,1987,1213.315116,50.82100000000001
50,Africa,Zambia,1992,1210.884633,46.1
50,Africa,Zambia,1997,1071.353818,40.238
50,Africa,Zambia,2002,1071.6139380000004,39.19300000000001
50,Africa,Zambia,2007,1271.211593,42.38399999999999
51,Africa,Zimbabwe,1952,406.8841148,48.451
51,Africa,Zimbabwe,1957,518.7642681,50.468999999999994
51,Africa,Zimbabwe,1962,527.2721818,52.358000000000004
51,Africa,Zimbabwe,1967,569.7950712,53.995
51,Africa,Zimbabwe,1972,799.3621757999997,55.635
51,Africa,Zimbabwe,1977,685.5876821,57.674
51,Africa,Zimbabwe,1982,788.8550411,60.363
51,Africa,Zimbabwe,1987,706.1573059,62.351000000000006
51,Africa,Zimbabwe,1992,693.4207856,60.376999999999995
51,Africa,Zimbabwe,1997,792.4499602999997,46.809
51,Africa,Zimbabwe,2002,672.0386227000001,39.989000000000004
51,Africa,Zimbabwe,2007,469.70929810000007,43.486999999999995
52,Americas,Argentina,1952,5911.315053,62.485
52,Americas,Argentina,1957,6856.856212000002,64.399
52,Americas,Argentina,1962,7133.1660230000025,65.142
52,Americas,Argentina,1967,8052.9530209999975,65.634
52,Americas,Argentina,1972,9443.038526,67.065
52,Americas,Argentina,1977,10079.026740000001,68.48100000000001
52,Americas,Argentina,1982,8997.897412,69.942
52,Americas,Argentina,1987,9139.671389,70.774
52,Americas,Argentina,1992,9308.41871,71.868
52,Americas,Argentina,1997,10967.28195,73.275
52,Americas,Argentina,2002,8797.640716,74.34
52,Americas,Argentina,2007,12779.379640000001,75.32
53,Americas,Bolivia,1952,2677.3263469999997,40.414
53,Americas,Bolivia,1957,2127.686326,41.89
53,Americas,Bolivia,1962,2180.972546,43.428000000000004
53,Americas,Bolivia,1967,2586.886053,45.032
53,Americas,Bolivia,1972,2980.331339,46.714
53,Americas,Bolivia,1977,3548.097832,50.023
53,Americas,Bolivia,1982,3156.510452,53.858999999999995
53,Americas,Bolivia,1987,2753.6914899999997,57.25100000000001
53,Americas,Bolivia,1992,2961.699694,59.957
53,Americas,Bolivia,1997,3326.143191,62.05
53,Americas,Bolivia,2002,3413.26269,63.883
53,Americas,Bolivia,2007,3822.1370840000004,65.554
54,Americas,Brazil,1952,2108.944355,50.917
54,Americas,Brazil,1957,2487.365989,53.285
54,Americas,Brazil,1962,3336.585802,55.665
54,Americas,Brazil,1967,3429.864357,57.632
54,Americas,Brazil,1972,4985.711467,59.504
54,Americas,Brazil,1977,6660.118654,61.489
54,Americas,Brazil,1982,7030.835878,63.33600000000001
54,Americas,Brazil,1987,7807.0958180000025,65.205
54,Americas,Brazil,1992,6950.2830209999975,67.057
54,Americas,Brazil,1997,7957.9808239999975,69.388
54,Americas,Brazil,2002,8131.212843000001,71.006
54,Americas,Brazil,2007,9065.800825,72.39
55,Americas,Canada,1952,11367.16112,68.75
55,Americas,Canada,1957,12489.95006,69.96
55,Americas,Canada,1962,13462.48555,71.3
55,Americas,Canada,1967,16076.58803,72.13
55,Americas,Canada,1972,18970.57086,72.88
55,Americas,Canada,1977,22090.88306,74.21
55,Americas,Canada,1982,22898.79214,75.76
55,Americas,Canada,1987,26626.515030000002,76.86
55,Americas,Canada,1992,26342.88426,77.95
55,Americas,Canada,1997,28954.92589,78.61
55,Americas,Canada,2002,33328.96507,79.77
55,Americas,Canada,2007,36319.235010000004,80.653
56,Americas,Chile,1952,3939.9787890000002,54.745
56,Americas,Chile,1957,4315.6227229999995,56.074
56,Americas,Chile,1962,4519.094331,57.924
56,Americas,Chile,1967,5106.654313,60.523
56,Americas,Chile,1972,5494.024437,63.441
56,Americas,Chile,1977,4756.763836,67.05199999999999
56,Americas,Chile,1982,5095.6657380000015,70.565
56,Americas,Chile,1987,5547.063754,72.492
56,Americas,Chile,1992,7596.125964,74.126
56,Americas,Chile,1997,10118.053179999999,75.816
56,Americas,Chile,2002,10778.78385,77.86
56,Americas,Chile,2007,13171.63885,78.553
57,Americas,Colombia,1952,2144.115096,50.643
57,Americas,Colombia,1957,2323.805581,55.118
57,Americas,Colombia,1962,2492.351109,57.863
57,Americas,Colombia,1967,2678.729839,59.963
57,Americas,Colombia,1972,3264.660041,61.62300000000001
57,Americas,Colombia,1977,3815.80787,63.836999999999996
57,Americas,Colombia,1982,4397.575659,66.653
57,Americas,Colombia,1987,4903.2191,67.768
57,Americas,Colombia,1992,5444.648617,68.421
57,Americas,Colombia,1997,6117.361746000001,70.313
57,Americas,Colombia,2002,5755.259962,71.682
57,Americas,Colombia,2007,7006.580419,72.889
58,Americas,Costa Rica,1952,2627.0094710000008,57.206
58,Americas,Costa Rica,1957,2990.010802,60.026
58,Americas,Costa Rica,1962,3460.937025,62.842
58,Americas,Costa Rica,1967,4161.727834,65.42399999999999
58,Americas,Costa Rica,1972,5118.146939,67.84899999999999
58,Americas,Costa Rica,1977,5926.876967,70.75
58,Americas,Costa Rica,1982,5262.734751,73.45
58,Americas,Costa Rica,1987,5629.915318,74.752
58,Americas,Costa Rica,1992,6160.416317,75.71300000000002
58,Americas,Costa Rica,1997,6677.045314,77.26
58,Americas,Costa Rica,2002,7723.4471950000025,78.123
58,Americas,Costa Rica,2007,9645.06142,78.782
59,Americas,Cuba,1952,5586.53878,59.42100000000001
59,Americas,Cuba,1957,6092.174359000002,62.325
59,Americas,Cuba,1962,5180.75591,65.24600000000001
59,Americas,Cuba,1967,5690.268015,68.29
59,Americas,Cuba,1972,5305.445256,70.723
59,Americas,Cuba,1977,6380.4949659999975,72.649
59,Americas,Cuba,1982,7316.918106999998,73.717
59,Americas,Cuba,1987,7532.924762999999,74.17399999999998
59,Americas,Cuba,1992,5592.843963,74.414
59,Americas,Cuba,1997,5431.990415,76.15100000000002
59,Americas,Cuba,2002,6340.646683,77.158
59,Americas,Cuba,2007,8948.102923,78.273
60,Americas,Dominican Republic,1952,1397.7171369999999,45.928000000000004
60,Americas,Dominican Republic,1957,1544.402995,49.828
60,Americas,Dominican Republic,1962,1662.137359,53.458999999999996
60,Americas,Dominican Republic,1967,1653.7230029999994,56.75100000000001
60,Americas,Dominican Republic,1972,2189.874499,59.631
60,Americas,Dominican Republic,1977,2681.9889,61.788000000000004
60,Americas,Dominican Republic,1982,2861.092386,63.727
60,Americas,Dominican Republic,1987,2899.842175,66.046
60,Americas,Dominican Republic,1992,3044.214214,68.457
60,Americas,Dominican Republic,1997,3614.101285,69.957
60,Americas,Dominican Republic,2002,4563.808154,70.847
60,Americas,Dominican Republic,2007,6025.374752000002,72.235
61,Americas,Ecuador,1952,3522.110717,48.357
61,Americas,Ecuador,1957,3780.5466509999997,51.356
61,Americas,Ecuador,1962,4086.114078,54.64
61,Americas,Ecuador,1967,4579.074215,56.678000000000004
61,Americas,Ecuador,1972,5280.99471,58.79600000000001
61,Americas,Ecuador,1977,6679.62326,61.31
61,Americas,Ecuador,1982,7213.7912670000005,64.342
61,Americas,Ecuador,1987,6481.776993,67.23100000000001
61,Americas,Ecuador,1992,7103.7025950000025,69.613
61,Americas,Ecuador,1997,7429.455876999998,72.312
61,Americas,Ecuador,2002,5773.0445119999995,74.173
61,Americas,Ecuador,2007,6873.262326000001,74.994
62,Americas,El Salvador,1952,3048.3029,45.262
62,Americas,El Salvador,1957,3421.523218,48.57
62,Americas,El Salvador,1962,3776.8036270000002,52.306999999999995
62,Americas,El Salvador,1967,4358.595393,55.855
62,Americas,El Salvador,1972,4520.246008,58.207
62,Americas,El Salvador,1977,5138.922374,56.69600000000001
62,Americas,El Salvador,1982,4098.344175,56.604
62,Americas,El Salvador,1987,4140.442097,63.153999999999996
62,Americas,El Salvador,1992,4444.2317,66.798
62,Americas,El Salvador,1997,5154.825496,69.535
62,Americas,El Salvador,2002,5351.568665999999,70.734
62,Americas,El Salvador,2007,5728.353514,71.878
63,Americas,Guatemala,1952,2428.2377690000008,42.023
63,Americas,Guatemala,1957,2617.155967,44.141999999999996
63,Americas,Guatemala,1962,2750.364446,46.95399999999999
63,Americas,Guatemala,1967,3242.5311469999997,50.01600000000001
63,Americas,Guatemala,1972,4031.4082710000002,53.738
63,Americas,Guatemala,1977,4879.992748,56.028999999999996
63,Americas,Guatemala,1982,4820.49479,58.137
63,Americas,Guatemala,1987,4246.485974,60.782
63,Americas,Guatemala,1992,4439.4508399999995,63.37300000000001
63,Americas,Guatemala,1997,4684.313807,66.322
63,Americas,Guatemala,2002,4858.347495,68.97800000000001
63,Americas,Guatemala,2007,5186.050003,70.259
64,Americas,Haiti,1952,1840.366939,37.579
64,Americas,Haiti,1957,1726.887882,40.696
64,Americas,Haiti,1962,1796.589032,43.59
64,Americas,Haiti,1967,1452.057666,46.243
64,Americas,Haiti,1972,1654.456946,48.042
64,Americas,Haiti,1977,1874.2989309999998,49.923
64,Americas,Haiti,1982,2011.1595489999997,51.46100000000001
64,Americas,Haiti,1987,1823.015995,53.636
64,Americas,Haiti,1992,1456.309517,55.089
64,Americas,Haiti,1997,1341.7269310000001,56.67100000000001
64,Americas,Haiti,2002,1270.364932,58.137
64,Americas,Haiti,2007,1201.637154,60.916000000000004
65,Americas,Honduras,1952,2194.926204,41.912
65,Americas,Honduras,1957,2220.487682,44.665
65,Americas,Honduras,1962,2291.1568350000002,48.041000000000004
65,Americas,Honduras,1967,2538.269358,50.924
65,Americas,Honduras,1972,2529.842345,53.88399999999999
65,Americas,Honduras,1977,3203.208066,57.402
65,Americas,Honduras,1982,3121.760794000001,60.909
65,Americas,Honduras,1987,3023.0966989999997,64.492
65,Americas,Honduras,1992,3081.694603,66.399
65,Americas,Honduras,1997,3160.454906,67.65899999999999
65,Americas,Honduras,2002,3099.72866,68.565
65,Americas,Honduras,2007,3548.330846000001,70.19800000000001
66,Americas,Jamaica,1952,2898.5308809999997,58.53
66,Americas,Jamaica,1957,4756.525781,62.61
66,Americas,Jamaica,1962,5246.107524,65.61
66,Americas,Jamaica,1967,6124.7034509999985,67.51
66,Americas,Jamaica,1972,7433.889293000001,69.0
66,Americas,Jamaica,1977,6650.195573,70.11
66,Americas,Jamaica,1982,6068.05135,71.21
66,Americas,Jamaica,1987,6351.237495,71.77
66,Americas,Jamaica,1992,7404.923685,71.766
66,Americas,Jamaica,1997,7121.924704000001,72.262
66,Americas,Jamaica,2002,6994.774861,72.047
66,Americas,Jamaica,2007,7320.880262000002,72.567
67,Americas,Mexico,1952,3478.125529,50.788999999999994
67,Americas,Mexico,1957,4131.546641,55.19
67,Americas,Mexico,1962,4581.609385,58.299
67,Americas,Mexico,1967,5754.733883,60.11
67,Americas,Mexico,1972,6809.4066900000025,62.361000000000004
67,Americas,Mexico,1977,7674.929108,65.032
67,Americas,Mexico,1982,9611.147541,67.405
67,Americas,Mexico,1987,8688.156003,69.498
67,Americas,Mexico,1992,9472.384295,71.455
67,Americas,Mexico,1997,9767.29753,73.67
67,Americas,Mexico,2002,10742.44053,74.902
67,Americas,Mexico,2007,11977.57496,76.195
68,Americas,Nicaragua,1952,3112.363948,42.31399999999999
68,Americas,Nicaragua,1957,3457.415947,45.431999999999995
68,Americas,Nicaragua,1962,3634.364406,48.632
68,Americas,Nicaragua,1967,4643.393534000002,51.88399999999999
68,Americas,Nicaragua,1972,4688.593267,55.151
68,Americas,Nicaragua,1977,5486.371089,57.47
68,Americas,Nicaragua,1982,3470.338156000001,59.298
68,Americas,Nicaragua,1987,2955.984375,62.008
68,Americas,Nicaragua,1992,2170.151724,65.843
68,Americas,Nicaragua,1997,2253.023004,68.426
68,Americas,Nicaragua,2002,2474.548819,70.836
68,Americas,Nicaragua,2007,2749.320965,72.899
69,Americas,Panama,1952,2480.380334,55.191
69,Americas,Panama,1957,2961.800905,59.201
69,Americas,Panama,1962,3536.540301,61.817
69,Americas,Panama,1967,4421.009084,64.071
69,Americas,Panama,1972,5364.249663000001,66.21600000000001
69,Americas,Panama,1977,5351.912144,68.681
69,Americas,Panama,1982,7009.601598,70.472
69,Americas,Panama,1987,7034.779161,71.523
69,Americas,Panama,1992,6618.74305,72.462
69,Americas,Panama,1997,7113.692252,73.738
69,Americas,Panama,2002,7356.031934000002,74.712
69,Americas,Panama,2007,9809.185636,75.53699999999998
70,Americas,Paraguay,1952,1952.3087010000002,62.648999999999994
70,Americas,Paraguay,1957,2046.1547059999998,63.19600000000001
70,Americas,Paraguay,1962,2148.027146,64.361
70,Americas,Paraguay,1967,2299.376311,64.95100000000001
70,Americas,Paraguay,1972,2523.337977,65.815
70,Americas,Paraguay,1977,3248.373311,66.35300000000001
70,Americas,Paraguay,1982,4258.5036039999995,66.874
70,Americas,Paraguay,1987,3998.875695,67.378
70,Americas,Paraguay,1992,4196.411078,68.225
70,Americas,Paraguay,1997,4247.400261,69.4
70,Americas,Paraguay,2002,3783.674243,70.755
70,Americas,Paraguay,2007,4172.838464,71.752
71,Americas,Peru,1952,3758.523437,43.902
71,Americas,Peru,1957,4245.256697999999,46.26300000000001
71,Americas,Peru,1962,4957.037982,49.096000000000004
71,Americas,Peru,1967,5788.09333,51.445
71,Americas,Peru,1972,5937.827283,55.448
71,Americas,Peru,1977,6281.2908549999975,58.446999999999996
71,Americas,Peru,1982,6434.501797,61.40600000000001
71,Americas,Peru,1987,6360.9434439999995,64.134
71,Americas,Peru,1992,4446.380924,66.458
71,Americas,Peru,1997,5838.347657,68.38600000000001
71,Americas,Peru,2002,5909.020073,69.906
71,Americas,Peru,2007,7408.905561,71.421
72,Americas,Puerto Rico,1952,3081.959785,64.28
72,Americas,Puerto Rico,1957,3907.1561890000003,68.54
72,Americas,Puerto Rico,1962,5108.34463,69.62
72,Americas,Puerto Rico,1967,6929.277714,71.1
72,Americas,Puerto Rico,1972,9123.041742,72.16
72,Americas,Puerto Rico,1977,9770.524921,73.44
72,Americas,Puerto Rico,1982,10330.98915,73.75
72,Americas,Puerto Rico,1987,12281.34191,74.63
72,Americas,Puerto Rico,1992,14641.587109999999,73.911
72,Americas,Puerto Rico,1997,16999.4333,74.917
72,Americas,Puerto Rico,2002,18855.606180000002,77.778
72,Americas,Puerto Rico,2007,19328.70901,78.74600000000002
73,Americas,Trinidad and Tobago,1952,3023.271928,59.1
73,Americas,Trinidad and Tobago,1957,4100.3934,61.8
73,Americas,Trinidad and Tobago,1962,4997.523971000001,64.9
73,Americas,Trinidad and Tobago,1967,5621.368472,65.4
73,Americas,Trinidad and Tobago,1972,6619.5514189999985,65.9
73,Americas,Trinidad and Tobago,1977,7899.554209000001,68.3
73,Americas,Trinidad and Tobago,1982,9119.528607,68.832
73,Americas,Trinidad and Tobago,1987,7388.597823,69.582
73,Americas,Trinidad and Tobago,1992,7370.990932,69.862
73,Americas,Trinidad and Tobago,1997,8792.573126000001,69.465
73,Americas,Trinidad and Tobago,2002,11460.60023,68.976
73,Americas,Trinidad and Tobago,2007,18008.50924,69.819
74,Americas,United States,1952,13990.482080000002,68.44
74,Americas,United States,1957,14847.12712,69.49
74,Americas,United States,1962,16173.145859999999,70.21
74,Americas,United States,1967,19530.365569999998,70.76
74,Americas,United States,1972,21806.03594,71.34
74,Americas,United States,1977,24072.63213,73.38
74,Americas,United States,1982,25009.55914,74.65
74,Americas,United States,1987,29884.35041000001,75.02
74,Americas,United States,1992,32003.93224,76.09
74,Americas,United States,1997,35767.43303,76.81
74,Americas,United States,2002,39097.09955,77.31
74,Americas,United States,2007,42951.65309,78.242
75,Americas,Uruguay,1952,5716.766744,66.071
75,Americas,Uruguay,1957,6150.772969,67.044
75,Americas,Uruguay,1962,5603.357717,68.253
75,Americas,Uruguay,1967,5444.61962,68.468
75,Americas,Uruguay,1972,5703.408898,68.673
75,Americas,Uruguay,1977,6504.3396630000025,69.48100000000001
75,Americas,Uruguay,1982,6920.223051000001,70.805
75,Americas,Uruguay,1987,7452.398969,71.918
75,Americas,Uruguay,1992,8137.004775,72.752
75,Americas,Uruguay,1997,9230.240708,74.223
75,Americas,Uruguay,2002,7727.002004000001,75.307
75,Americas,Uruguay,2007,10611.46299,76.384
76,Americas,Venezuela,1952,7689.799761,55.088
76,Americas,Venezuela,1957,9802.466526,57.907
76,Americas,Venezuela,1962,8422.974165000001,60.77
76,Americas,Venezuela,1967,9541.474188,63.479
76,Americas,Venezuela,1972,10505.25966,65.712
76,Americas,Venezuela,1977,13143.95095,67.456
76,Americas,Venezuela,1982,11152.410109999999,68.557
76,Americas,Venezuela,1987,9883.584648,70.19
76,Americas,Venezuela,1992,10733.926309999999,71.15
76,Americas,Venezuela,1997,10165.49518,72.146
76,Americas,Venezuela,2002,8605.047831,72.766
76,Americas,Venezuela,2007,11415.805690000001,73.747
77,Asia,Afghanistan,1952,779.4453145,28.801
77,Asia,Afghanistan,1957,820.8530296,30.331999999999997
77,Asia,Afghanistan,1962,853.1007099999997,31.997
77,Asia,Afghanistan,1967,836.1971382,34.02
77,Asia,Afghanistan,1972,739.9811057999997,36.088
77,Asia,Afghanistan,1977,786.11336,38.438
77,Asia,Afghanistan,1982,978.0114388000001,39.854
77,Asia,Afghanistan,1987,852.3959447999997,40.821999999999996
77,Asia,Afghanistan,1992,649.3413952000002,41.674
77,Asia,Afghanistan,1997,635.341351,41.76300000000001
77,Asia,Afghanistan,2002,726.7340548,42.129
77,Asia,Afghanistan,2007,974.5803384,43.828
78,Asia,Bahrain,1952,9867.084765000001,50.93899999999999
78,Asia,Bahrain,1957,11635.79945,53.832
78,Asia,Bahrain,1962,12753.27514,56.923
78,Asia,Bahrain,1967,14804.6727,59.923
78,Asia,Bahrain,1972,18268.65839,63.3
78,Asia,Bahrain,1977,19340.10196,65.593
78,Asia,Bahrain,1982,19211.14731,69.05199999999999
78,Asia,Bahrain,1987,18524.02406,70.75
78,Asia,Bahrain,1992,19035.579169999997,72.601
78,Asia,Bahrain,1997,20292.01679,73.925
78,Asia,Bahrain,2002,23403.559269999998,74.795
78,Asia,Bahrain,2007,29796.048339999998,75.635
79,Asia,Bangladesh,1952,684.2441716,37.484
79,Asia,Bangladesh,1957,661.6374577,39.348
79,Asia,Bangladesh,1962,686.3415537999998,41.216
79,Asia,Bangladesh,1967,721.1860862000003,43.453
79,Asia,Bangladesh,1972,630.2336265,45.251999999999995
79,Asia,Bangladesh,1977,659.8772322000002,46.923
79,Asia,Bangladesh,1982,676.9818656,50.00899999999999
79,Asia,Bangladesh,1987,751.9794035,52.818999999999996
79,Asia,Bangladesh,1992,837.8101642999999,56.018
79,Asia,Bangladesh,1997,972.7700352,59.412
79,Asia,Bangladesh,2002,1136.3904300000004,62.01300000000001
79,Asia,Bangladesh,2007,1391.253792,64.062
80,Asia,Cambodia,1952,368.46928560000003,39.417
80,Asia,Cambodia,1957,434.0383364,41.36600000000001
80,Asia,Cambodia,1962,496.9136476,43.415
80,Asia,Cambodia,1967,523.4323142,45.415
80,Asia,Cambodia,1972,421.6240257,40.317
80,Asia,Cambodia,1977,524.9721831999999,31.22
80,Asia,Cambodia,1982,624.4754784,50.957
80,Asia,Cambodia,1987,683.8955732000003,53.913999999999994
80,Asia,Cambodia,1992,682.3031755,55.803000000000004
80,Asia,Cambodia,1997,734.28517,56.534
80,Asia,Cambodia,2002,896.2260152999999,56.751999999999995
80,Asia,Cambodia,2007,1713.7786859999999,59.723
81,Asia,China,1952,400.448610699994,44.0
81,Asia,China,1957,575.9870009,50.54896
81,Asia,China,1962,487.6740183,44.50136
81,Asia,China,1967,612.7056934,58.381119999999996
81,Asia,China,1972,676.9000921,63.118880000000004
81,Asia,China,1977,741.2374699,63.96736
81,Asia,China,1982,962.4213804999999,65.525
81,Asia,China,1987,1378.904018,67.274
81,Asia,China,1992,1655.784158,68.69
81,Asia,China,1997,2289.234136,70.426
81,Asia,China,2002,3119.280896,72.028
81,Asia,China,2007,4959.1148539999995,72.961
82,Asia,Hong Kong China,1952,3054.421209,60.96
82,Asia,Hong Kong China,1957,3629.076457,64.75
82,Asia,Hong Kong China,1962,4692.6482719999985,67.65
82,Asia,Hong Kong China,1967,6197.962814,70.0
82,Asia,Hong Kong China,1972,8315.928145,72.0
82,Asia,Hong Kong China,1977,11186.14125,73.6
82,Asia,Hong Kong China,1982,14560.530509999999,75.45
82,Asia,Hong Kong China,1987,20038.472690000002,76.2
82,Asia,Hong Kong China,1992,24757.60301,77.601
82,Asia,Hong Kong China,1997,28377.632189999997,80.0
82,Asia,Hong Kong China,2002,30209.01516000001,81.495
82,Asia,Hong Kong China,2007,39724.97867,82.208
83,Asia,India,1952,546.5657493,37.37300000000001
83,Asia,India,1957,590.061996,40.249
83,Asia,India,1962,658.3471509,43.605
83,Asia,India,1967,700.7706107000001,47.19300000000001
83,Asia,India,1972,724.032527,50.651
83,Asia,India,1977,813.3373230000003,54.208
83,Asia,India,1982,855.7235377000003,56.596000000000004
83,Asia,India,1987,976.5126756000001,58.553000000000004
83,Asia,India,1992,1164.406809,60.223
83,Asia,India,1997,1458.817442,61.765
83,Asia,India,2002,1746.769454,62.879
83,Asia,India,2007,2452.210407,64.69800000000001
84,Asia,Indonesia,1952,749.6816546,37.468
84,Asia,Indonesia,1957,858.9002707000003,39.918
84,Asia,Indonesia,1962,849.2897700999997,42.518
84,Asia,Indonesia,1967,762.4317721,45.964
84,Asia,Indonesia,1972,1111.107907,49.203
84,Asia,Indonesia,1977,1382.702056,52.702
84,Asia,Indonesia,1982,1516.872988,56.159
84,Asia,Indonesia,1987,1748.356961,60.137
84,Asia,Indonesia,1992,2383.140898,62.681000000000004
84,Asia,Indonesia,1997,3119.335603,66.041
84,Asia,Indonesia,2002,2873.91287,68.58800000000001
84,Asia,Indonesia,2007,3540.6515640000002,70.65
85,Asia,Iran,1952,3035.326002,44.869
85,Asia,Iran,1957,3290.257643,47.181000000000004
85,Asia,Iran,1962,4187.329802,49.325
85,Asia,Iran,1967,5906.7318049999985,52.468999999999994
85,Asia,Iran,1972,9613.818607,55.233999999999995
85,Asia,Iran,1977,11888.59508,57.702
85,Asia,Iran,1982,7608.334602,59.62
85,Asia,Iran,1987,6642.881371,63.04
85,Asia,Iran,1992,7235.6531879999975,65.742
85,Asia,Iran,1997,8263.590301,68.042
85,Asia,Iran,2002,9240.761975,69.45100000000001
85,Asia,Iran,2007,11605.71449,70.964
86,Asia,Iraq,1952,4129.766056,45.32
86,Asia,Iraq,1957,6229.333562,48.437
86,Asia,Iraq,1962,8341.737815,51.457
86,Asia,Iraq,1967,8931.459811,54.458999999999996
86,Asia,Iraq,1972,9576.037596,56.95
86,Asia,Iraq,1977,14688.235069999999,60.413000000000004
86,Asia,Iraq,1982,14517.90711,62.038000000000004
86,Asia,Iraq,1987,11643.57268,65.044
86,Asia,Iraq,1992,3745.6406869999996,59.46100000000001
86,Asia,Iraq,1997,3076.239795,58.81100000000001
86,Asia,Iraq,2002,4390.717312,57.04600000000001
86,Asia,Iraq,2007,4471.061906,59.545
87,Asia,Israel,1952,4086.522128,65.39
87,Asia,Israel,1957,5385.278451,67.84
87,Asia,Israel,1962,7105.630706,69.39
87,Asia,Israel,1967,8393.741404,70.75
87,Asia,Israel,1972,12786.93223,71.63
87,Asia,Israel,1977,13306.619209999999,73.06
87,Asia,Israel,1982,15367.0292,74.45
87,Asia,Israel,1987,17122.47986,75.6
87,Asia,Israel,1992,18051.52254,76.93
87,Asia,Israel,1997,20896.60924,78.26899999999998
87,Asia,Israel,2002,21905.59514,79.696
87,Asia,Israel,2007,25523.2771,80.745
88,Asia,Japan,1952,3216.956347,63.03
88,Asia,Japan,1957,4317.694365,65.5
88,Asia,Japan,1962,6576.649461,68.73
88,Asia,Japan,1967,9847.788606999999,71.43
88,Asia,Japan,1972,14778.78636,73.42
88,Asia,Japan,1977,16610.37701,75.38
88,Asia,Japan,1982,19384.10571,77.11
88,Asia,Japan,1987,22375.941890000002,78.67
88,Asia,Japan,1992,26824.895109999998,79.36
88,Asia,Japan,1997,28816.58499,80.69
88,Asia,Japan,2002,28604.5919,82.0
88,Asia,Japan,2007,31656.06806,82.603
89,Asia,Jordan,1952,1546.907807,43.158
89,Asia,Jordan,1957,1886.080591,45.669
89,Asia,Jordan,1962,2348.009158,48.12600000000001
89,Asia,Jordan,1967,2741.796252,51.629
89,Asia,Jordan,1972,2110.856309,56.528
89,Asia,Jordan,1977,2852.351568,61.13399999999999
89,Asia,Jordan,1982,4161.415959,63.739
89,Asia,Jordan,1987,4448.679912,65.869
89,Asia,Jordan,1992,3431.5936469999997,68.015
89,Asia,Jordan,1997,3645.379572,69.77199999999999
89,Asia,Jordan,2002,3844.9171939999997,71.263
89,Asia,Jordan,2007,4519.461171,72.535
90,Asia,Korea Dem. Rep.,1952,1088.277758,50.056000000000004
90,Asia,Korea Dem. Rep.,1957,1571.134655,54.081
90,Asia,Korea Dem. Rep.,1962,1621.693598,56.65600000000001
90,Asia,Korea Dem. Rep.,1967,2143.540609,59.942
90,Asia,Korea Dem. Rep.,1972,3701.6215030000003,63.983000000000004
90,Asia,Korea Dem. Rep.,1977,4106.301249,67.15899999999999
90,Asia,Korea Dem. Rep.,1982,4106.525293,69.1
90,Asia,Korea Dem. Rep.,1987,4106.4923149999995,70.64699999999998
90,Asia,Korea Dem. Rep.,1992,3726.063507,69.97800000000001
90,Asia,Korea Dem. Rep.,1997,1690.756814,67.727
90,Asia,Korea Dem. Rep.,2002,1646.758151,66.66199999999999
90,Asia,Korea Dem. Rep.,2007,1593.06548,67.297
91,Asia,Korea Rep.,1952,1030.592226,47.453
91,Asia,Korea Rep.,1957,1487.593537,52.681000000000004
91,Asia,Korea Rep.,1962,1536.3443869999999,55.292
91,Asia,Korea Rep.,1967,2029.2281420000002,57.716
91,Asia,Korea Rep.,1972,3030.87665,62.611999999999995
91,Asia,Korea Rep.,1977,4657.22102,64.766
91,Asia,Korea Rep.,1982,5622.942464,67.123
91,Asia,Korea Rep.,1987,8533.088805,69.81
91,Asia,Korea Rep.,1992,12104.27872,72.244
91,Asia,Korea Rep.,1997,15993.52796,74.64699999999998
91,Asia,Korea Rep.,2002,19233.98818,77.045
91,Asia,Korea Rep.,2007,23348.13973000001,78.623
92,Asia,Kuwait,1952,108382.3529,55.565
92,Asia,Kuwait,1957,113523.1329,58.033
92,Asia,Kuwait,1962,95458.11176,60.47
92,Asia,Kuwait,1967,80894.88326,64.624
92,Asia,Kuwait,1972,109347.867,67.712
92,Asia,Kuwait,1977,59265.477139999995,69.343
92,Asia,Kuwait,1982,31354.03573,71.309
92,Asia,Kuwait,1987,28118.42998,74.17399999999998
92,Asia,Kuwait,1992,34932.91959,75.19
92,Asia,Kuwait,1997,40300.61996,76.156
92,Asia,Kuwait,2002,35110.10566,76.904
92,Asia,Kuwait,2007,47306.98978,77.58800000000002
93,Asia,Lebanon,1952,4834.804067,55.928000000000004
93,Asia,Lebanon,1957,6089.7869340000025,59.489
93,Asia,Lebanon,1962,5714.560611,62.093999999999994
93,Asia,Lebanon,1967,6006.983042,63.87
93,Asia,Lebanon,1972,7486.384341,65.421
93,Asia,Lebanon,1977,8659.696836,66.09899999999999
93,Asia,Lebanon,1982,7640.519520999997,66.983
93,Asia,Lebanon,1987,5377.091329,67.926
93,Asia,Lebanon,1992,6890.806854,69.292
93,Asia,Lebanon,1997,8754.96385,70.265
93,Asia,Lebanon,2002,9313.93883,71.028
93,Asia,Lebanon,2007,10461.05868,71.993
94,Asia,Malaysia,1952,1831.132894,48.463
94,Asia,Malaysia,1957,1810.0669920000007,52.102
94,Asia,Malaysia,1962,2036.8849440000001,55.736999999999995
94,Asia,Malaysia,1967,2277.742396,59.371
94,Asia,Malaysia,1972,2849.09478,63.01
94,Asia,Malaysia,1977,3827.9215710000003,65.256
94,Asia,Malaysia,1982,4920.355951,68.0
94,Asia,Malaysia,1987,5249.802653,69.5
94,Asia,Malaysia,1992,7277.912802,70.693
94,Asia,Malaysia,1997,10132.90964,71.938
94,Asia,Malaysia,2002,10206.97794,73.044
94,Asia,Malaysia,2007,12451.6558,74.241
95,Asia,Mongolia,1952,786.5668575,42.244
95,Asia,Mongolia,1957,912.6626085,45.24800000000001
95,Asia,Mongolia,1962,1056.353958,48.25100000000001
95,Asia,Mongolia,1967,1226.04113,51.253
95,Asia,Mongolia,1972,1421.741975,53.754
95,Asia,Mongolia,1977,1647.511665,55.49100000000001
95,Asia,Mongolia,1982,2000.603139,57.489
95,Asia,Mongolia,1987,2338.008304,60.222
95,Asia,Mongolia,1992,1785.402016,61.271
95,Asia,Mongolia,1997,1902.2521,63.625
95,Asia,Mongolia,2002,2140.7393230000002,65.033
95,Asia,Mongolia,2007,3095.772271000001,66.803
96,Asia,Myanmar,1952,331.0,36.319
96,Asia,Myanmar,1957,350.0,41.905
96,Asia,Myanmar,1962,388.0,45.108000000000004
96,Asia,Myanmar,1967,349.0,49.379
96,Asia,Myanmar,1972,357.0,53.07
96,Asia,Myanmar,1977,371.0,56.059
96,Asia,Myanmar,1982,424.0,58.056000000000004
96,Asia,Myanmar,1987,385.0,58.339
96,Asia,Myanmar,1992,347.0,59.32
96,Asia,Myanmar,1997,415.0,60.328
96,Asia,Myanmar,2002,611.0,59.908
96,Asia,Myanmar,2007,944.0,62.068999999999996
97,Asia,Nepal,1952,545.8657228999998,36.157
97,Asia,Nepal,1957,597.9363557999999,37.686
97,Asia,Nepal,1962,652.3968593,39.393
97,Asia,Nepal,1967,676.4422254,41.472
97,Asia,Nepal,1972,674.7881296,43.971000000000004
97,Asia,Nepal,1977,694.1124398,46.74800000000001
97,Asia,Nepal,1982,718.3730947,49.593999999999994
97,Asia,Nepal,1987,775.6324501,52.537
97,Asia,Nepal,1992,897.7403604,55.727
97,Asia,Nepal,1997,1010.892138,59.426
97,Asia,Nepal,2002,1057.206311,61.34
97,Asia,Nepal,2007,1091.359778,63.785
98,Asia,Oman,1952,1828.230307,37.578
98,Asia,Oman,1957,2242.746551,40.08
98,Asia,Oman,1962,2924.638113,43.165
98,Asia,Oman,1967,4720.942687,46.988
98,Asia,Oman,1972,10618.03855,52.143
98,Asia,Oman,1977,11848.343920000001,57.367
98,Asia,Oman,1982,12954.791009999999,62.728
98,Asia,Oman,1987,18115.223130000002,67.734
98,Asia,Oman,1992,18616.70691,71.197
98,Asia,Oman,1997,19702.055809999998,72.499
98,Asia,Oman,2002,19774.83687,74.193
98,Asia,Oman,2007,22316.19287,75.64
99,Asia,Pakistan,1952,684.5971437999998,43.43600000000001
99,Asia,Pakistan,1957,747.0835292,45.556999999999995
99,Asia,Pakistan,1962,803.3427418,47.67
99,Asia,Pakistan,1967,942.4082588,49.8
99,Asia,Pakistan,1972,1049.938981,51.928999999999995
99,Asia,Pakistan,1977,1175.921193,54.043
99,Asia,Pakistan,1982,1443.429832,56.158
99,Asia,Pakistan,1987,1704.686583,58.245
99,Asia,Pakistan,1992,1971.8294640000001,60.838
99,Asia,Pakistan,1997,2049.3505210000008,61.81800000000001
99,Asia,Pakistan,2002,2092.712441,63.61
99,Asia,Pakistan,2007,2605.94758,65.483
100,Asia,Philippines,1952,1272.880995,47.751999999999995
100,Asia,Philippines,1957,1547.9448439999999,51.333999999999996
100,Asia,Philippines,1962,1649.5521529999999,54.757
100,Asia,Philippines,1967,1814.12743,56.393
100,Asia,Philippines,1972,1989.3740699999998,58.065
100,Asia,Philippines,1977,2373.204287,60.06
100,Asia,Philippines,1982,2603.273765,62.082
100,Asia,Philippines,1987,2189.634995,64.15100000000001
100,Asia,Philippines,1992,2279.324017000001,66.458
100,Asia,Philippines,1997,2536.534925,68.564
100,Asia,Philippines,2002,2650.921068,70.303
100,Asia,Philippines,2007,3190.481016,71.688
101,Asia,Saudi Arabia,1952,6459.5548229999995,39.875
101,Asia,Saudi Arabia,1957,8157.591248000002,42.868
101,Asia,Saudi Arabia,1962,11626.41975,45.913999999999994
101,Asia,Saudi Arabia,1967,16903.04886,49.901
101,Asia,Saudi Arabia,1972,24837.42865,53.886
101,Asia,Saudi Arabia,1977,34167.7626,58.69
101,Asia,Saudi Arabia,1982,33693.17525,63.012
101,Asia,Saudi Arabia,1987,21198.26136,66.295
101,Asia,Saudi Arabia,1992,24841.617769999997,68.768
101,Asia,Saudi Arabia,1997,20586.69019,70.533
101,Asia,Saudi Arabia,2002,19014.54118,71.626
101,Asia,Saudi Arabia,2007,21654.83194,72.777
102,Asia,Singapore,1952,2315.138227,60.396
102,Asia,Singapore,1957,2843.104409,63.178999999999995
102,Asia,Singapore,1962,3674.735572,65.798
102,Asia,Singapore,1967,4977.41854,67.946
102,Asia,Singapore,1972,8597.756202,69.521
102,Asia,Singapore,1977,11210.08948,70.795
102,Asia,Singapore,1982,15169.161119999999,71.76
102,Asia,Singapore,1987,18861.53081,73.56
102,Asia,Singapore,1992,24769.8912,75.788
102,Asia,Singapore,1997,33519.4766,77.158
102,Asia,Singapore,2002,36023.1054,78.77
102,Asia,Singapore,2007,47143.179639999995,79.972
103,Asia,Sri Lanka,1952,1083.53203,57.593
103,Asia,Sri Lanka,1957,1072.546602,61.456
103,Asia,Sri Lanka,1962,1074.4719599999999,62.192
103,Asia,Sri Lanka,1967,1135.514326,64.266
103,Asia,Sri Lanka,1972,1213.39553,65.042
103,Asia,Sri Lanka,1977,1348.775651,65.949
103,Asia,Sri Lanka,1982,1648.0797890000001,68.757
103,Asia,Sri Lanka,1987,1876.766827,69.01100000000001
103,Asia,Sri Lanka,1992,2153.7392219999997,70.37899999999998
103,Asia,Sri Lanka,1997,2664.477257,70.457
103,Asia,Sri Lanka,2002,3015.3788329999998,70.815
103,Asia,Sri Lanka,2007,3970.0954070000003,72.396
104,Asia,Syria,1952,1643.485354,45.883
104,Asia,Syria,1957,2117.234893,48.284
104,Asia,Syria,1962,2193.037133,50.305
104,Asia,Syria,1967,1881.923632,53.655
104,Asia,Syria,1972,2571.423014,57.29600000000001
104,Asia,Syria,1977,3195.484582,61.195
104,Asia,Syria,1982,3761.8377149999997,64.59
104,Asia,Syria,1987,3116.774285,66.97399999999999
104,Asia,Syria,1992,3340.542768,69.249
104,Asia,Syria,1997,4014.238972,71.527
104,Asia,Syria,2002,4090.9253310000004,73.053
104,Asia,Syria,2007,4184.548089,74.143
105,Asia,Taiwan,1952,1206.947913,58.5
105,Asia,Taiwan,1957,1507.86129,62.4
105,Asia,Taiwan,1962,1822.879028,65.2
105,Asia,Taiwan,1967,2643.8586809999997,67.5
105,Asia,Taiwan,1972,4062.523897,69.39
105,Asia,Taiwan,1977,5596.519826,70.59
105,Asia,Taiwan,1982,7426.354773999998,72.16
105,Asia,Taiwan,1987,11054.56175,73.4
105,Asia,Taiwan,1992,15215.6579,74.26
105,Asia,Taiwan,1997,20206.82098,75.25
105,Asia,Taiwan,2002,23235.42329,76.99
105,Asia,Taiwan,2007,28718.27684,78.4
106,Asia,Thailand,1952,757.7974177,50.848
106,Asia,Thailand,1957,793.5774147999997,53.63
106,Asia,Thailand,1962,1002.1991720000001,56.06100000000001
106,Asia,Thailand,1967,1295.46066,58.285
106,Asia,Thailand,1972,1524.3589359999999,60.405
106,Asia,Thailand,1977,1961.2246350000007,62.494
106,Asia,Thailand,1982,2393.219781,64.597
106,Asia,Thailand,1987,2982.653773,66.084
106,Asia,Thailand,1992,4616.896545000001,67.298
106,Asia,Thailand,1997,5852.625497,67.521
106,Asia,Thailand,2002,5913.187529,68.564
106,Asia,Thailand,2007,7458.396326999998,70.616
107,Asia,Vietnam,1952,605.0664917,40.412
107,Asia,Vietnam,1957,676.2854477999998,42.887
107,Asia,Vietnam,1962,772.0491602000003,45.363
107,Asia,Vietnam,1967,637.1232887,47.838
107,Asia,Vietnam,1972,699.5016441,50.254
107,Asia,Vietnam,1977,713.5371196000001,55.763999999999996
107,Asia,Vietnam,1982,707.2357863,58.816
107,Asia,Vietnam,1987,820.7994449,62.82
107,Asia,Vietnam,1992,989.0231487,67.66199999999999
107,Asia,Vietnam,1997,1385.896769,70.672
107,Asia,Vietnam,2002,1764.456677,73.017
107,Asia,Vietnam,2007,2441.576404,74.249
108,Asia,West Bank and Gaza,1952,1515.5923289999994,43.16
108,Asia,West Bank and Gaza,1957,1827.0677420000002,45.67100000000001
108,Asia,West Bank and Gaza,1962,2198.9563120000007,48.126999999999995
108,Asia,West Bank and Gaza,1967,2649.7150070000002,51.631
108,Asia,West Bank and Gaza,1972,3133.4092769999997,56.532
108,Asia,West Bank and Gaza,1977,3682.8314939999996,60.765
108,Asia,West Bank and Gaza,1982,4336.032082,64.406
108,Asia,West Bank and Gaza,1987,5107.197384,67.046
108,Asia,West Bank and Gaza,1992,6017.654756,69.718
108,Asia,West Bank and Gaza,1997,7110.667619,71.096
108,Asia,West Bank and Gaza,2002,4515.487575,72.37
108,Asia,West Bank and Gaza,2007,3025.349798,73.422
109,Asia,Yemen Rep.,1952,781.7175761,32.548
109,Asia,Yemen Rep.,1957,804.8304547,33.97
109,Asia,Yemen Rep.,1962,825.6232006,35.18
109,Asia,Yemen Rep.,1967,862.4421463,36.984
109,Asia,Yemen Rep.,1972,1265.047031,39.848
109,Asia,Yemen Rep.,1977,1829.765177,44.175
109,Asia,Yemen Rep.,1982,1977.5570100000002,49.113
109,Asia,Yemen Rep.,1987,1971.741538,52.922
109,Asia,Yemen Rep.,1992,1879.496673,55.599
109,Asia,Yemen Rep.,1997,2117.484526,58.02
109,Asia,Yemen Rep.,2002,2234.820827,60.308
109,Asia,Yemen Rep.,2007,2280.769906,62.698
110,Europe,Albania,1952,1601.056136,55.23
110,Europe,Albania,1957,1942.2842440000002,59.28
110,Europe,Albania,1962,2312.888958,64.82
110,Europe,Albania,1967,2760.196931,66.22
110,Europe,Albania,1972,3313.422188,67.69
110,Europe,Albania,1977,3533.0039100000013,68.93
110,Europe,Albania,1982,3630.880722,70.42
110,Europe,Albania,1987,3738.9327350000003,72.0
110,Europe,Albania,1992,2497.4379010000002,71.581
110,Europe,Albania,1997,3193.054604,72.95
110,Europe,Albania,2002,4604.211737,75.65100000000002
110,Europe,Albania,2007,5937.0295259999975,76.423
111,Europe,Austria,1952,6137.076492,66.8
111,Europe,Austria,1957,8842.59803,67.48
111,Europe,Austria,1962,10750.721109999999,69.54
111,Europe,Austria,1967,12834.6024,70.14
111,Europe,Austria,1972,16661.6256,70.63
111,Europe,Austria,1977,19749.4223,72.17
111,Europe,Austria,1982,21597.083619999998,73.18
111,Europe,Austria,1987,23687.82607,74.94
111,Europe,Austria,1992,27042.01868,76.04
111,Europe,Austria,1997,29095.920660000003,77.51
111,Europe,Austria,2002,32417.607689999997,78.98
111,Europe,Austria,2007,36126.4927,79.829
112,Europe,Belgium,1952,8343.105126999999,68.0
112,Europe,Belgium,1957,9714.960623,69.24
112,Europe,Belgium,1962,10991.20676,70.25
112,Europe,Belgium,1967,13149.04119,70.94
112,Europe,Belgium,1972,16672.14356,71.44
112,Europe,Belgium,1977,19117.97448,72.8
112,Europe,Belgium,1982,20979.84589,73.93
112,Europe,Belgium,1987,22525.56308,75.35
112,Europe,Belgium,1992,25575.57069,76.46
112,Europe,Belgium,1997,27561.196630000002,77.53
112,Europe,Belgium,2002,30485.88375,78.32
112,Europe,Belgium,2007,33692.60508,79.441
113,Europe,Bosnia and Herzegovina,1952,973.5331947999999,53.82
113,Europe,Bosnia and Herzegovina,1957,1353.989176,58.45
113,Europe,Bosnia and Herzegovina,1962,1709.683679,61.93
113,Europe,Bosnia and Herzegovina,1967,2172.3524230000007,64.79
113,Europe,Bosnia and Herzegovina,1972,2860.16975,67.45
113,Europe,Bosnia and Herzegovina,1977,3528.481305,69.86
113,Europe,Bosnia and Herzegovina,1982,4126.613157,70.69
113,Europe,Bosnia and Herzegovina,1987,4314.114757,71.14
113,Europe,Bosnia and Herzegovina,1992,2546.781445,72.178
113,Europe,Bosnia and Herzegovina,1997,4766.355904,73.244
113,Europe,Bosnia and Herzegovina,2002,6018.975239,74.09
113,Europe,Bosnia and Herzegovina,2007,7446.298803,74.852
114,Europe,Bulgaria,1952,2444.2866480000002,59.6
114,Europe,Bulgaria,1957,3008.670727,66.61
114,Europe,Bulgaria,1962,4254.337839,69.51
114,Europe,Bulgaria,1967,5577.0028,70.42
114,Europe,Bulgaria,1972,6597.494398,70.9
114,Europe,Bulgaria,1977,7612.240438,70.81
114,Europe,Bulgaria,1982,8224.191647,71.08
114,Europe,Bulgaria,1987,8239.854824,71.34
114,Europe,Bulgaria,1992,6302.623438000001,71.19
114,Europe,Bulgaria,1997,5970.38876,70.32
114,Europe,Bulgaria,2002,7696.777725,72.14
114,Europe,Bulgaria,2007,10680.79282,73.005
115,Europe,Croatia,1952,3119.23652,61.21
115,Europe,Croatia,1957,4338.231617,64.77
115,Europe,Croatia,1962,5477.890018,67.13
115,Europe,Croatia,1967,6960.297861,68.5
115,Europe,Croatia,1972,9164.090127,69.61
115,Europe,Croatia,1977,11305.38517,70.64
115,Europe,Croatia,1982,13221.82184,70.46
115,Europe,Croatia,1987,13822.58394,71.52
115,Europe,Croatia,1992,8447.794873,72.527
115,Europe,Croatia,1997,9875.604515,73.68
115,Europe,Croatia,2002,11628.38895,74.876
115,Europe,Croatia,2007,14619.222719999998,75.748
116,Europe,Czech Republic,1952,6876.14025,66.87
116,Europe,Czech Republic,1957,8256.343918,69.03
116,Europe,Czech Republic,1962,10136.86713,69.9
116,Europe,Czech Republic,1967,11399.44489,70.38
116,Europe,Czech Republic,1972,13108.4536,70.29
116,Europe,Czech Republic,1977,14800.160619999999,70.71
116,Europe,Czech Republic,1982,15377.22855,70.96
116,Europe,Czech Republic,1987,16310.4434,71.58
116,Europe,Czech Republic,1992,14297.021219999999,72.4
116,Europe,Czech Republic,1997,16048.51424,74.01
116,Europe,Czech Republic,2002,17596.210219999994,75.51
116,Europe,Czech Republic,2007,22833.30851,76.486
117,Europe,Denmark,1952,9692.385245,70.78
117,Europe,Denmark,1957,11099.65935,71.81
117,Europe,Denmark,1962,13583.31351,72.35
117,Europe,Denmark,1967,15937.21123,72.96
117,Europe,Denmark,1972,18866.20721,73.47
117,Europe,Denmark,1977,20422.9015,74.69
117,Europe,Denmark,1982,21688.04048,74.63
117,Europe,Denmark,1987,25116.17581,74.8
117,Europe,Denmark,1992,26406.73985,75.33
117,Europe,Denmark,1997,29804.34567,76.11
117,Europe,Denmark,2002,32166.500060000002,77.18
117,Europe,Denmark,2007,35278.41874,78.332
118,Europe,Finland,1952,6424.519071,66.55
118,Europe,Finland,1957,7545.415386,67.49
118,Europe,Finland,1962,9371.842561,68.75
118,Europe,Finland,1967,10921.63626,69.83
118,Europe,Finland,1972,14358.8759,70.87
118,Europe,Finland,1977,15605.422830000001,72.52
118,Europe,Finland,1982,18533.15761,74.55
118,Europe,Finland,1987,21141.01223,74.83
118,Europe,Finland,1992,20647.16499,75.7
118,Europe,Finland,1997,23723.9502,77.13
118,Europe,Finland,2002,28204.59057,78.37
118,Europe,Finland,2007,33207.0844,79.313
119,Europe,France,1952,7029.809327,67.41
119,Europe,France,1957,8662.834898000001,68.93
119,Europe,France,1962,10560.48553,70.51
119,Europe,France,1967,12999.91766,71.55
119,Europe,France,1972,16107.19171,72.38
119,Europe,France,1977,18292.635140000002,73.83
119,Europe,France,1982,20293.89746,74.89
119,Europe,France,1987,22066.44214,76.34
119,Europe,France,1992,24703.79615,77.46
119,Europe,France,1997,25889.78487,78.64
119,Europe,France,2002,28926.032339999998,79.59
119,Europe,France,2007,30470.0167,80.657
120,Europe,Germany,1952,7144.114393000003,67.5
120,Europe,Germany,1957,10187.82665,69.1
120,Europe,Germany,1962,12902.46291,70.3
120,Europe,Germany,1967,14745.62561,70.8
120,Europe,Germany,1972,18016.180269999997,71.0
120,Europe,Germany,1977,20512.92123,72.5
120,Europe,Germany,1982,22031.532740000002,73.8
120,Europe,Germany,1987,24639.18566,74.847
120,Europe,Germany,1992,26505.30317,76.07
120,Europe,Germany,1997,27788.88416,77.34
120,Europe,Germany,2002,30035.80198,78.67
120,Europe,Germany,2007,32170.37442,79.406
121,Europe,Greece,1952,3530.690067,65.86
121,Europe,Greece,1957,4916.299889,67.86
121,Europe,Greece,1962,6017.1907329999985,69.51
121,Europe,Greece,1967,8513.097016,71.0
121,Europe,Greece,1972,12724.82957,72.34
121,Europe,Greece,1977,14195.524280000001,73.68
121,Europe,Greece,1982,15268.420890000001,75.24
121,Europe,Greece,1987,16120.528390000001,76.67
121,Europe,Greece,1992,17541.49634,77.03
121,Europe,Greece,1997,18747.69814,77.869
121,Europe,Greece,2002,22514.2548,78.256
121,Europe,Greece,2007,27538.41188,79.483
122,Europe,Hungary,1952,5263.6738159999995,64.03
122,Europe,Hungary,1957,6040.180011,66.41
122,Europe,Hungary,1962,7550.359877,67.96
122,Europe,Hungary,1967,9326.64467,69.5
122,Europe,Hungary,1972,10168.65611,69.76
122,Europe,Hungary,1977,11674.837370000001,69.95
122,Europe,Hungary,1982,12545.99066,69.39
122,Europe,Hungary,1987,12986.47998,69.58
122,Europe,Hungary,1992,10535.62855,69.17
122,Europe,Hungary,1997,11712.7768,71.04
122,Europe,Hungary,2002,14843.93556,72.59
122,Europe,Hungary,2007,18008.94444,73.33800000000002
123,Europe,Iceland,1952,7267.688428,72.49
123,Europe,Iceland,1957,9244.001412,73.47
123,Europe,Iceland,1962,10350.15906,73.68
123,Europe,Iceland,1967,13319.89568,73.73
123,Europe,Iceland,1972,15798.063619999999,74.46
123,Europe,Iceland,1977,19654.96247,76.11
123,Europe,Iceland,1982,23269.6075,76.99
123,Europe,Iceland,1987,26923.206280000002,77.23
123,Europe,Iceland,1992,25144.39201,78.77
123,Europe,Iceland,1997,28061.099660000003,78.95
123,Europe,Iceland,2002,31163.201960000002,80.5
123,Europe,Iceland,2007,36180.789189999996,81.757
124,Europe,Ireland,1952,5210.280328,66.91
124,Europe,Ireland,1957,5599.077872,68.9
124,Europe,Ireland,1962,6631.597314,70.29
124,Europe,Ireland,1967,7655.568963,71.08
124,Europe,Ireland,1972,9530.772895999999,71.28
124,Europe,Ireland,1977,11150.98113,72.03
124,Europe,Ireland,1982,12618.321409999999,73.1
124,Europe,Ireland,1987,13872.86652,74.36
124,Europe,Ireland,1992,17558.81555,75.467
124,Europe,Ireland,1997,24521.94713,76.122
124,Europe,Ireland,2002,34077.04939,77.783
124,Europe,Ireland,2007,40675.99635,78.885
125,Europe,Italy,1952,4931.404154999998,65.94
125,Europe,Italy,1957,6248.656232,67.81
125,Europe,Italy,1962,8243.58234,69.24
125,Europe,Italy,1967,10022.40131,71.06
125,Europe,Italy,1972,12269.27378,72.19
125,Europe,Italy,1977,14255.98475,73.48
125,Europe,Italy,1982,16537.4835,74.98
125,Europe,Italy,1987,19207.234819999998,76.42
125,Europe,Italy,1992,22013.64486,77.44
125,Europe,Italy,1997,24675.02446,78.82
125,Europe,Italy,2002,27968.098169999997,80.24
125,Europe,Italy,2007,28569.7197,80.546
126,Europe,Montenegro,1952,2647.585601,59.163999999999994
126,Europe,Montenegro,1957,3682.259903,61.448
126,Europe,Montenegro,1962,4649.593785,63.728
126,Europe,Montenegro,1967,5907.850937,67.178
126,Europe,Montenegro,1972,7778.414017,70.63600000000002
126,Europe,Montenegro,1977,9595.929904999999,73.066
126,Europe,Montenegro,1982,11222.58762,74.101
126,Europe,Montenegro,1987,11732.51017,74.865
126,Europe,Montenegro,1992,7003.3390370000025,75.435
126,Europe,Montenegro,1997,6465.613349,75.445
126,Europe,Montenegro,2002,6557.194282,73.98100000000002
126,Europe,Montenegro,2007,9253.896111,74.543
127,Europe,Netherlands,1952,8941.571858,72.13
127,Europe,Netherlands,1957,11276.193440000001,72.99
127,Europe,Netherlands,1962,12790.849559999999,73.23
127,Europe,Netherlands,1967,15363.25136,73.82
127,Europe,Netherlands,1972,18794.74567,73.75
127,Europe,Netherlands,1977,21209.0592,75.24
127,Europe,Netherlands,1982,21399.46046,76.05
127,Europe,Netherlands,1987,23651.32361,76.83
127,Europe,Netherlands,1992,26790.94961,77.42
127,Europe,Netherlands,1997,30246.13063,78.03
127,Europe,Netherlands,2002,33724.75778,78.53
127,Europe,Netherlands,2007,36797.93332,79.762
128,Europe,Norway,1952,10095.42172,72.67
128,Europe,Norway,1957,11653.97304,73.44
128,Europe,Norway,1962,13450.40151,73.47
128,Europe,Norway,1967,16361.87647,74.08
128,Europe,Norway,1972,18965.05551,74.34
128,Europe,Norway,1977,23311.34939,75.37
128,Europe,Norway,1982,26298.635309999998,75.97
128,Europe,Norway,1987,31540.9748,75.89
128,Europe,Norway,1992,33965.66115,77.32
128,Europe,Norway,1997,41283.16433,78.32
128,Europe,Norway,2002,44683.97525,79.05
128,Europe,Norway,2007,49357.19017,80.196
129,Europe,Poland,1952,4029.3296990000003,61.31
129,Europe,Poland,1957,4734.253019,65.77
129,Europe,Poland,1962,5338.752143,67.64
129,Europe,Poland,1967,6557.152776,69.61
129,Europe,Poland,1972,8006.506993000001,70.85
129,Europe,Poland,1977,9508.141454,70.67
129,Europe,Poland,1982,8451.531004,71.32
129,Europe,Poland,1987,9082.351172,70.98
129,Europe,Poland,1992,7738.881247,70.99
129,Europe,Poland,1997,10159.58368,72.75
129,Europe,Poland,2002,12002.23908,74.67
129,Europe,Poland,2007,15389.924680000002,75.563
130,Europe,Portugal,1952,3068.319867,59.82
130,Europe,Portugal,1957,3774.571743,61.51
130,Europe,Portugal,1962,4727.954889,64.39
130,Europe,Portugal,1967,6361.517993,66.6
130,Europe,Portugal,1972,9022.247417,69.26
130,Europe,Portugal,1977,10172.48572,70.41
130,Europe,Portugal,1982,11753.84291,72.77
130,Europe,Portugal,1987,13039.30876,74.06
130,Europe,Portugal,1992,16207.266630000002,74.86
130,Europe,Portugal,1997,17641.03156,75.97
130,Europe,Portugal,2002,19970.90787,77.29
130,Europe,Portugal,2007,20509.64777,78.098
131,Europe,Romania,1952,3144.613186,61.05
131,Europe,Romania,1957,3943.370225,64.1
131,Europe,Romania,1962,4734.9975859999995,66.8
131,Europe,Romania,1967,6470.866545,66.8
131,Europe,Romania,1972,8011.414401999998,69.21
131,Europe,Romania,1977,9356.39724,69.46
131,Europe,Romania,1982,9605.314053,69.66
131,Europe,Romania,1987,9696.273295,69.53
131,Europe,Romania,1992,6598.409903,69.36
131,Europe,Romania,1997,7346.547556999999,69.72
131,Europe,Romania,2002,7885.360081,71.322
131,Europe,Romania,2007,10808.47561,72.476
132,Europe,Serbia,1952,3581.4594479999996,57.996
132,Europe,Serbia,1957,4981.090891,61.685
132,Europe,Serbia,1962,6289.629157,64.531
132,Europe,Serbia,1967,7991.707066,66.914
132,Europe,Serbia,1972,10522.067490000001,68.7
132,Europe,Serbia,1977,12980.66956,70.3
132,Europe,Serbia,1982,15181.0927,70.16199999999999
132,Europe,Serbia,1987,15870.878509999999,71.218
132,Europe,Serbia,1992,9325.068238,71.65899999999998
132,Europe,Serbia,1997,7914.320304000003,72.232
132,Europe,Serbia,2002,7236.075251,73.21300000000002
132,Europe,Serbia,2007,9786.534714,74.002
133,Europe,Slovak Republic,1952,5074.659104,64.36
133,Europe,Slovak Republic,1957,6093.2629799999995,67.45
133,Europe,Slovak Republic,1962,7481.1075980000005,70.33
133,Europe,Slovak Republic,1967,8412.902397,70.98
133,Europe,Slovak Republic,1972,9674.167626,70.35
133,Europe,Slovak Republic,1977,10922.664040000001,70.45
133,Europe,Slovak Republic,1982,11348.54585,70.8
133,Europe,Slovak Republic,1987,12037.26758,71.08
133,Europe,Slovak Republic,1992,9498.467723,71.38
133,Europe,Slovak Republic,1997,12126.23065,72.71
133,Europe,Slovak Republic,2002,13638.778369999998,73.8
133,Europe,Slovak Republic,2007,18678.31435,74.663
134,Europe,Slovenia,1952,4215.041741,65.57
134,Europe,Slovenia,1957,5862.276629,67.85
134,Europe,Slovenia,1962,7402.303395,69.15
134,Europe,Slovenia,1967,9405.489397,69.18
134,Europe,Slovenia,1972,12383.4862,69.82
134,Europe,Slovenia,1977,15277.030169999998,70.97
134,Europe,Slovenia,1982,17866.72175,71.063
134,Europe,Slovenia,1987,18678.53492,72.25
134,Europe,Slovenia,1992,14214.71681,73.64
134,Europe,Slovenia,1997,17161.10735,75.13
134,Europe,Slovenia,2002,20660.01936,76.66
134,Europe,Slovenia,2007,25768.25759,77.926
135,Europe,Spain,1952,3834.0347420000003,64.94
135,Europe,Spain,1957,4564.80241,66.66
135,Europe,Spain,1962,5693.843879,69.69
135,Europe,Spain,1967,7993.512294,71.44
135,Europe,Spain,1972,10638.75131,73.06
135,Europe,Spain,1977,13236.92117,74.39
135,Europe,Spain,1982,13926.169969999999,76.3
135,Europe,Spain,1987,15764.98313,76.9
135,Europe,Spain,1992,18603.06452,77.57
135,Europe,Spain,1997,20445.29896,78.77
135,Europe,Spain,2002,24835.47166,79.78
135,Europe,Spain,2007,28821.0637,80.941
136,Europe,Sweden,1952,8527.844662000001,71.86
136,Europe,Sweden,1957,9911.878226,72.49
136,Europe,Sweden,1962,12329.441920000001,73.37
136,Europe,Sweden,1967,15258.29697,74.16
136,Europe,Sweden,1972,17832.02464,74.72
136,Europe,Sweden,1977,18855.72521,75.44
136,Europe,Sweden,1982,20667.38125,76.42
136,Europe,Sweden,1987,23586.92927,77.19
136,Europe,Sweden,1992,23880.01683,78.16
136,Europe,Sweden,1997,25266.59499,79.39
136,Europe,Sweden,2002,29341.63093000001,80.04
136,Europe,Sweden,2007,33859.74835,80.884
137,Europe,Switzerland,1952,14734.23275,69.62
137,Europe,Switzerland,1957,17909.48973,70.56
137,Europe,Switzerland,1962,20431.0927,71.32
137,Europe,Switzerland,1967,22966.14432,72.77
137,Europe,Switzerland,1972,27195.113039999997,73.78
137,Europe,Switzerland,1977,26982.29052,75.39
137,Europe,Switzerland,1982,28397.715119999997,76.21
137,Europe,Switzerland,1987,30281.704589999998,77.41
137,Europe,Switzerland,1992,31871.5303,78.03
137,Europe,Switzerland,1997,32135.323010000004,79.37
137,Europe,Switzerland,2002,34480.95771,80.62
137,Europe,Switzerland,2007,37506.419069999996,81.70100000000002
138,Europe,Turkey,1952,1969.1009800000002,43.585
138,Europe,Turkey,1957,2218.754257,48.07899999999999
138,Europe,Turkey,1962,2322.8699079999997,52.098
138,Europe,Turkey,1967,2826.356387000001,54.33600000000001
138,Europe,Turkey,1972,3450.69638,57.005
138,Europe,Turkey,1977,4269.122326,59.507
138,Europe,Turkey,1982,4241.356344,61.036
138,Europe,Turkey,1987,5089.043686,63.108000000000004
138,Europe,Turkey,1992,5678.348271,66.146
138,Europe,Turkey,1997,6601.429915,68.835
138,Europe,Turkey,2002,6508.085718,70.845
138,Europe,Turkey,2007,8458.276384,71.777
139,Europe,United Kingdom,1952,9979.508487000001,69.18
139,Europe,United Kingdom,1957,11283.17795,70.42
139,Europe,United Kingdom,1962,12477.17707,70.76
139,Europe,United Kingdom,1967,14142.85089,71.36
139,Europe,United Kingdom,1972,15895.116409999999,72.01
139,Europe,United Kingdom,1977,17428.74846,72.76
139,Europe,United Kingdom,1982,18232.42452,74.04
139,Europe,United Kingdom,1987,21664.787669999998,75.007
139,Europe,United Kingdom,1992,22705.09254,76.42
139,Europe,United Kingdom,1997,26074.53136,77.218
139,Europe,United Kingdom,2002,29478.99919,78.471
139,Europe,United Kingdom,2007,33203.26128,79.425
140,Oceania,Australia,1952,10039.595640000001,69.12
140,Oceania,Australia,1957,10949.64959,70.33
140,Oceania,Australia,1962,12217.226859999999,70.93
140,Oceania,Australia,1967,14526.12465,71.1
140,Oceania,Australia,1972,16788.62948,71.93
140,Oceania,Australia,1977,18334.197509999998,73.49
140,Oceania,Australia,1982,19477.009280000002,74.74
140,Oceania,Australia,1987,21888.889030000002,76.32
140,Oceania,Australia,1992,23424.76683,77.56
140,Oceania,Australia,1997,26997.936569999998,78.83
140,Oceania,Australia,2002,30687.75473,80.37
140,Oceania,Australia,2007,34435.367439999995,81.235
141,Oceania,New Zealand,1952,10556.575659999999,69.39
141,Oceania,New Zealand,1957,12247.39532,70.26
141,Oceania,New Zealand,1962,13175.678,71.24
141,Oceania,New Zealand,1967,14463.918930000002,71.52
141,Oceania,New Zealand,1972,16046.03728,71.89
141,Oceania,New Zealand,1977,16233.7177,72.22
141,Oceania,New Zealand,1982,17632.4104,73.84
141,Oceania,New Zealand,1987,19007.19129,74.32
141,Oceania,New Zealand,1992,18363.324940000002,76.33
141,Oceania,New Zealand,1997,21050.41377,77.55
141,Oceania,New Zealand,2002,23189.80135,79.11
141,Oceania,New Zealand,2007,25185.00911,80.204
